"title","year","position","artist","pos_sentiment","neg_sentiment","neut_sentiment","compound_sentiment","f_k_grade","flesch_index","fog_index","num_syllables","difficult_words","num_dupes","num_words","num_lines","tags","id","popularity","duration_ms","explicit","artists","id_artists","release_date","danceability","energy","key","loudness","mode","speechiness","acousticness","instrumentalness","liveness","valence","tempo","time_signature"
"(Can't Live Without Your) Love And Affection",1990,27,"Nelson",0.131,0.156,0.714,-0.8046,2.5,89.75,4.8,405,21,23,323,43,"",NA,NA,NA,NA,NA,NA,NA,NA,NA,NA,NA,NA,NA,NA,NA,NA,NA,NA,NA
"(It's Just) The Way That You Love Me",1990,86,"Paula Abdul",0.241,0.031,0.728,0.9988,-0.3,107.69,4.4,448.2,23,33,401,62,"pop",NA,NA,NA,NA,NA,NA,NA,NA,NA,NA,NA,NA,NA,NA,NA,NA,NA,NA,NA
"(When You Gonna) Give It Up To Me",2006,37,"Sean Paul",0.171,0.03,0.8,0.9985,2.5,95.17,6,947.7,25,57,820,78,"pop, hip-hop/rnb",NA,NA,NA,NA,NA,NA,NA,NA,NA,NA,NA,NA,NA,NA,NA,NA,NA,NA,NA
"(You Gotta) Fight For Your Right",1987,98,"Beastie Boys",0.16,0.175,0.664,0.3392,1.3,98.21,4.8,181.8,19,18,157,22,"electronic/dance, hip-hop/rnb, rock, religious",NA,NA,NA,NA,NA,NA,NA,NA,NA,NA,NA,NA,NA,NA,NA,NA,NA,NA,NA
"1, 2 Step",2005,5,"Ciara",0.14,0.046,0.814,0.994,2.1,96.18,5.6,584.1,40,24,475,51,"electronic/dance, pop",NA,NA,NA,NA,NA,NA,NA,NA,NA,NA,NA,NA,NA,NA,NA,NA,NA,NA,NA
"18 And Life",1989,61,"Skid Row",0.112,0.158,0.729,-0.9445,0.5,100.24,4,358.2,26,22,297,52,"",NA,NA,NA,NA,NA,NA,NA,NA,NA,NA,NA,NA,NA,NA,NA,NA,NA,NA,NA
"19 Somethin'",2003,84,"Mark Wills",0.039,0.076,0.885,-0.8885,0.9,99.23,4.4,349.2,42,17,287,47,"country",NA,NA,NA,NA,NA,NA,NA,NA,NA,NA,NA,NA,NA,NA,NA,NA,NA,NA,NA
"1st Of Tha Month",1995,89,"Bone Thugs-N-Harmony",0.03,0.042,0.929,-0.9258,1.3,103.63,6,1797.3,109,58,1619,153,"",NA,NA,NA,NA,NA,NA,NA,NA,NA,NA,NA,NA,NA,NA,NA,NA,NA,NA,NA
"3 A.M. Eternal",1991,61,"KLF",0.044,0.009,0.948,0.7936,0.5,100.24,4,208.8,25,9,172,32,"electronic/dance, pop",NA,NA,NA,NA,NA,NA,NA,NA,NA,NA,NA,NA,NA,NA,NA,NA,NA,NA,NA
"5 O'Clock",2012,86,"T-Pain",0.103,0.055,0.842,0.9861,0.1,106.67,4.8,823.5,42,64,726,98,"pop",NA,NA,NA,NA,NA,NA,NA,NA,NA,NA,NA,NA,NA,NA,NA,NA,NA,NA,NA
"50 Ways To Say Goodbye",2012,81,"Train",0.275,0.124,0.601,0.9975,0.9,99.23,4.4,438.3,26,36,373,54,"alternative/indie, pop",NA,NA,NA,NA,NA,NA,NA,NA,NA,NA,NA,NA,NA,NA,NA,NA,NA,NA,NA
"679",2015,21,"Fetty Wap",0.144,0.095,0.761,0.9548,1.3,98.21,4.8,568.8,51,35,492,70,"",NA,NA,NA,NA,NA,NA,NA,NA,NA,NA,NA,NA,NA,NA,NA,NA,NA,NA,NA
"A New Day has Come",2002,91,"Celine Dion",0.121,0.105,0.774,0.8739,-0.3,107.69,4.4,327.6,11,30,294,43,"pop",NA,NA,NA,NA,NA,NA,NA,NA,NA,NA,NA,NA,NA,NA,NA,NA,NA,NA,NA
"A Rose Is Still A Rose",1998,95,"Aretha Franklin",0.061,0.054,0.885,0.7209,1.3,98.21,4.8,499.5,30,31,427,58,"jazz, pop, hip-hop/rnb, rock, soul",NA,NA,NA,NA,NA,NA,NA,NA,NA,NA,NA,NA,NA,NA,NA,NA,NA,NA,NA
"A Sky Full Of Stars",2014,51,"Coldplay",0.055,0.099,0.846,-0.661,0.5,105.66,5.2,173.7,6,8,153,19,"pop, rock",NA,NA,NA,NA,NA,NA,NA,NA,NA,NA,NA,NA,NA,NA,NA,NA,NA,NA,NA
"Ain't it Funny",2002,13,"Jennifer Lopez",0.122,0.082,0.796,0.8802,1.7,97.2,5.2,436.5,28,11,367,43,"electronic/dance, pop",NA,NA,NA,NA,NA,NA,NA,NA,NA,NA,NA,NA,NA,NA,NA,NA,NA,NA,NA
"Ain't no Other Man",2006,32,"Christina Aguilera",0.258,0.05,0.691,0.9988,0.9,104.64,5.6,556.2,30,31,486,54,"pop, rock",NA,NA,NA,NA,NA,NA,NA,NA,NA,NA,NA,NA,NA,NA,NA,NA,NA,NA,NA
"All I Do Is Win",2010,79,"DJ Khaled",0.226,0.068,0.706,0.9992,0.9,104.64,5.6,796.5,60,30,695,74,"",NA,NA,NA,NA,NA,NA,NA,NA,NA,NA,NA,NA,NA,NA,NA,NA,NA,NA,NA
"All I Have To Give",1999,25,"Backstreet Boys",0.255,0.034,0.711,0.9991,0.5,105.66,5.2,501.3,15,21,448,54,"pop",NA,NA,NA,NA,NA,NA,NA,NA,NA,NA,NA,NA,NA,NA,NA,NA,NA,NA,NA
"Always In My Heart",1994,96,"Tevin Campbell",0.144,0.043,0.813,0.9939,0.9,104.64,5.6,529.2,9,28,471,52,"pop, hip-hop/rnb",NA,NA,NA,NA,NA,NA,NA,NA,NA,NA,NA,NA,NA,NA,NA,NA,NA,NA,NA
"Always on Time",2002,12,"Ja Rule",0.146,0.111,0.743,0.9835,2.1,96.18,5.6,838.8,74,33,678,75,"",NA,NA,NA,NA,NA,NA,NA,NA,NA,NA,NA,NA,NA,NA,NA,NA,NA,NA,NA
"Anytime You Need A Friend",1994,47,"Mariah Carey",0.281,0.054,0.665,0.9941,1.3,92.8,3.6,263.7,16,23,198,41,"pop, hip-hop/rnb",NA,NA,NA,NA,NA,NA,NA,NA,NA,NA,NA,NA,NA,NA,NA,NA,NA,NA,NA
"Ass Back Home",2012,51,"Gym Class Heroes",0.124,0.078,0.798,0.9667,1.3,98.21,4.8,531.9,26,30,451,59,"",NA,NA,NA,NA,NA,NA,NA,NA,NA,NA,NA,NA,NA,NA,NA,NA,NA,NA,NA
"At Your Best",1994,70,"Aaliyah",0.191,0.045,0.764,0.9945,1.3,98.21,4.8,333,16,16,284,36,"pop",NA,NA,NA,NA,NA,NA,NA,NA,NA,NA,NA,NA,NA,NA,NA,NA,NA,NA,NA
"Baby I Love Your Way",1994,21,"Big Mountain",0.275,0,0.725,0.9973,2.1,90.77,4.4,290.7,13,19,225,34,"",NA,NA,NA,NA,NA,NA,NA,NA,NA,NA,NA,NA,NA,NA,NA,NA,NA,NA,NA
"Back and Forth",1994,24,"Aaliyah",0.056,0.013,0.932,0.9423,-0.7,114.12,5.2,463.5,16,25,449,52,"pop",NA,NA,NA,NA,NA,NA,NA,NA,NA,NA,NA,NA,NA,NA,NA,NA,NA,NA,NA
"Back For Good",1995,62,"Take That",0.124,0.073,0.803,0.7876,-0.3,107.69,4.4,407.7,25,21,363,55,"pop",NA,NA,NA,NA,NA,NA,NA,NA,NA,NA,NA,NA,NA,NA,NA,NA,NA,NA,NA
"Back For Good",1996,95,"Take That",0.124,0.073,0.803,0.7876,-0.3,107.69,4.4,407.7,25,21,363,55,"pop",NA,NA,NA,NA,NA,NA,NA,NA,NA,NA,NA,NA,NA,NA,NA,NA,NA,NA,NA
"Be Without You",2006,11,"Mary J. Blige",0.076,0.08,0.843,-0.3286,0.5,105.66,5.2,603.9,23,31,542,61,"",NA,NA,NA,NA,NA,NA,NA,NA,NA,NA,NA,NA,NA,NA,NA,NA,NA,NA,NA
"Been Around The World",1998,19,"Puff Daddy",0.074,0.188,0.738,-0.9995,1.3,98.21,4.8,1395,132,19,1149,156,"hip-hop/rnb",NA,NA,NA,NA,NA,NA,NA,NA,NA,NA,NA,NA,NA,NA,NA,NA,NA,NA,NA
"Best Of You",2005,68,"Foo Fighters",0.405,0.089,0.506,0.9995,1.3,98.21,4.8,392.4,14,32,327,44,"alternative/indie, rock, religious",NA,NA,NA,NA,NA,NA,NA,NA,NA,NA,NA,NA,NA,NA,NA,NA,NA,NA,NA
"Better Be Good To Me",1985,59,"Tina Turner",0.32,0.023,0.657,0.9995,-0.7,108.7,4,574.2,19,60,530,98,"pop, hip-hop/rnb, rock, soul",NA,NA,NA,NA,NA,NA,NA,NA,NA,NA,NA,NA,NA,NA,NA,NA,NA,NA,NA
"Better In Time",2008,53,"Leona Lewis",0.202,0.071,0.726,0.9945,0.9,99.23,4.4,416.7,16,23,343,51,"pop",NA,NA,NA,NA,NA,NA,NA,NA,NA,NA,NA,NA,NA,NA,NA,NA,NA,NA,NA
"Black And Yellow",2011,31,"Wiz Khalifa",0.104,0.049,0.846,0.9895,0.9,104.64,5.6,748.8,42,51,653,71,"",NA,NA,NA,NA,NA,NA,NA,NA,NA,NA,NA,NA,NA,NA,NA,NA,NA,NA,NA
"Black Or White",1992,14,"Michael Jackson",0.148,0.114,0.738,0.9343,0.9,99.23,4.4,502.2,36,28,428,66,"disco, pop, hip-hop/rnb, rock, soul",NA,NA,NA,NA,NA,NA,NA,NA,NA,NA,NA,NA,NA,NA,NA,NA,NA,NA,NA
"Blame It On The Rain",1990,46,"Milli Vanilli",0.068,0.147,0.784,-0.9846,-0.3,107.69,4.4,483.3,23,29,421,61,"",NA,NA,NA,NA,NA,NA,NA,NA,NA,NA,NA,NA,NA,NA,NA,NA,NA,NA,NA
"Blame It On The Rain",1989,21,"Milli Vanilli",0.068,0.147,0.784,-0.9846,-0.3,107.69,4.4,483.3,23,29,421,61,"",NA,NA,NA,NA,NA,NA,NA,NA,NA,NA,NA,NA,NA,NA,NA,NA,NA,NA,NA
"Blowing Kisses In The Wind",1992,73,"Paula Abdul",0.229,0.112,0.66,0.988,0.5,100.24,4,274.5,18,27,225,41,"pop",NA,NA,NA,NA,NA,NA,NA,NA,NA,NA,NA,NA,NA,NA,NA,NA,NA,NA,NA
"Bop Gun",1994,99,"Ice Cube",0.114,0.12,0.766,-0.9054,1.3,98.21,4.8,1650.6,89,65,1356,189,"hip-hop/rnb",NA,NA,NA,NA,NA,NA,NA,NA,NA,NA,NA,NA,NA,NA,NA,NA,NA,NA,NA
"Born In The USA",1985,92,"Bruce Springsteen",0.031,0.143,0.826,-0.9786,-0.3,107.69,4.4,298.8,17,21,270,40,"folk, rock",NA,NA,NA,NA,NA,NA,NA,NA,NA,NA,NA,NA,NA,NA,NA,NA,NA,NA,NA
"Bounce With Me",2000,94,"Lil Bow Wow",0.122,0.039,0.838,0.9956,-0.3,107.69,4.4,702,44,29,631,95,"",NA,NA,NA,NA,NA,NA,NA,NA,NA,NA,NA,NA,NA,NA,NA,NA,NA,NA,NA
"Boys 'Round Here",2013,60,"Blake Shelton",0.097,0.027,0.876,0.9859,0.9,99.23,4.4,575.1,37,35,487,75,"country",NA,NA,NA,NA,NA,NA,NA,NA,NA,NA,NA,NA,NA,NA,NA,NA,NA,NA,NA
"Breakin' My Heart",1992,48,"Mint Condition",0.128,0.014,0.858,0.9944,2.1,90.77,4.4,535.5,43,22,426,69,"jazz, rock, soul",NA,NA,NA,NA,NA,NA,NA,NA,NA,NA,NA,NA,NA,NA,NA,NA,NA,NA,NA
"Bump N' Grind",1994,11,"R. Kelly",0.116,0.172,0.712,-0.729,1.7,97.2,5.2,387,24,16,336,40,"hip-hop/rnb, pop, hip-hop/rnb, soul",NA,NA,NA,NA,NA,NA,NA,NA,NA,NA,NA,NA,NA,NA,NA,NA,NA,NA,NA
"Bump, Bump, Bump",2003,22,"B2K",0.139,0.04,0.822,0.9969,0.9,99.23,4.4,806.4,46,50,696,104,"",NA,NA,NA,NA,NA,NA,NA,NA,NA,NA,NA,NA,NA,NA,NA,NA,NA,NA,NA
"Bust It Baby Part 2",2008,38,"Plies",0.187,0.045,0.768,0.9984,0.9,104.64,5.6,651.6,32,32,568,63,"",NA,NA,NA,NA,NA,NA,NA,NA,NA,NA,NA,NA,NA,NA,NA,NA,NA,NA,NA
"Buy U A Drank",2007,5,"T-Pain",0.091,0.008,0.901,0.9902,0.1,106.67,4.8,597.6,36,50,551,77,"pop",NA,NA,NA,NA,NA,NA,NA,NA,NA,NA,NA,NA,NA,NA,NA,NA,NA,NA,NA
"Call me When You're Sober",2006,77,"Evanescence",0.151,0.142,0.707,-0.2755,0.1,101.26,3.6,231.3,14,21,194,41,"rock",NA,NA,NA,NA,NA,NA,NA,NA,NA,NA,NA,NA,NA,NA,NA,NA,NA,NA,NA
"Can't Fight the Moonlight",2002,56,"LeAnn Rimes",0.16,0.107,0.733,0.9602,-0.7,108.7,4,369.9,24,25,335,58,"country, pop",NA,NA,NA,NA,NA,NA,NA,NA,NA,NA,NA,NA,NA,NA,NA,NA,NA,NA,NA
"Can't Get Enough Of Your Love",1993,99,"Taylor Dayne",0.197,0.05,0.753,0.9917,0.9,99.23,4.4,320.4,23,12,265,44,"electronic/dance, pop",NA,NA,NA,NA,NA,NA,NA,NA,NA,NA,NA,NA,NA,NA,NA,NA,NA,NA,NA
"Can't Help But Wait",2008,86,"Trey Songz",0.082,0.165,0.753,-0.9848,-0.3,107.69,4.4,440.1,18,38,419,65,"",NA,NA,NA,NA,NA,NA,NA,NA,NA,NA,NA,NA,NA,NA,NA,NA,NA,NA,NA
"Can't Hold Us Down",2003,67,"Christina Aguilera",0.067,0.05,0.883,0.9276,1.7,97.2,5.2,834.3,50,37,724,85,"pop, rock",NA,NA,NA,NA,NA,NA,NA,NA,NA,NA,NA,NA,NA,NA,NA,NA,NA,NA,NA
"Can't Nobody Hold Me Down",1997,5,"Puff Daddy",0.088,0.097,0.815,-0.9546,1.3,98.21,4.8,808.2,86,39,665,85,"hip-hop/rnb",NA,NA,NA,NA,NA,NA,NA,NA,NA,NA,NA,NA,NA,NA,NA,NA,NA,NA,NA
"Can't Stay Away From You",1988,90,"Gloria Estefan and Miami Sound Machine",0.101,0.1,0.799,-0.1788,-0.3,107.69,4.4,291.6,11,17,257,37,"electronic/dance, pop, rock",NA,NA,NA,NA,NA,NA,NA,NA,NA,NA,NA,NA,NA,NA,NA,NA,NA,NA,NA
"Carry Out",2010,38,"Timbaland",0.104,0.017,0.879,0.9942,1.7,97.2,5.2,799.2,31,53,682,78,"pop",NA,NA,NA,NA,NA,NA,NA,NA,NA,NA,NA,NA,NA,NA,NA,NA,NA,NA,NA
"Causing A Commotion",1987,46,"Madonna",0.079,0.07,0.85,0.0772,6,69.79,6,46.8,9,0,32,3,"electronic/dance, electronic/dance, pop",NA,NA,NA,NA,NA,NA,NA,NA,NA,NA,NA,NA,NA,NA,NA,NA,NA,NA,NA
"Check on It",2006,10,"Beyonce",0.117,0.036,0.847,0.9973,0.9,104.64,5.6,901.8,25,65,845,89,"pop, hip-hop/rnb",NA,NA,NA,NA,NA,NA,NA,NA,NA,NA,NA,NA,NA,NA,NA,NA,NA,NA,NA
"Cheers",2011,77,"Rihanna",0.316,0.083,0.601,0.9978,0.5,105.66,5.2,469.8,25,36,412,50,"electronic/dance, pop, reggae, hip-hop/rnb",NA,NA,NA,NA,NA,NA,NA,NA,NA,NA,NA,NA,NA,NA,NA,NA,NA,NA,NA
"Cleanin' out my Closet",2002,47,"Eminem",0.063,0.228,0.708,-0.9993,2.1,96.18,5.6,902.7,99,32,730,76,"hip-hop/rnb, religious, alternative/indie",NA,NA,NA,NA,NA,NA,NA,NA,NA,NA,NA,NA,NA,NA,NA,NA,NA,NA,NA
"Closer To Free",1996,67,"Bodeans",0.411,0,0.589,0.9964,6,64.37,4.8,196.2,6,7,119,17,"",NA,NA,NA,NA,NA,NA,NA,NA,NA,NA,NA,NA,NA,NA,NA,NA,NA,NA,NA
"Cold Rock A Party",1997,61,"Mc Lyte",0.133,0.058,0.809,0.9946,1.7,102.61,6.4,648,54,12,568,49,"hip-hop/rnb, hip-hop/rnb",NA,NA,NA,NA,NA,NA,NA,NA,NA,NA,NA,NA,NA,NA,NA,NA,NA,NA,NA
"Come On Over Baby",2000,38,"Christina Aguilera",0.169,0.029,0.803,0.9952,0.5,100.24,4,557.1,25,49,464,85,"pop, rock",NA,NA,NA,NA,NA,NA,NA,NA,NA,NA,NA,NA,NA,NA,NA,NA,NA,NA,NA
"Coming Out Of The Dark",1991,34,"Gloria Estefan",0.206,0.023,0.771,0.9947,1.7,97.2,5.2,314.1,20,16,272,34,"electronic/dance, pop, rock",NA,NA,NA,NA,NA,NA,NA,NA,NA,NA,NA,NA,NA,NA,NA,NA,NA,NA,NA
"Cool For The Summer",2015,53,"Demi Lovato",0.175,0.045,0.779,0.9911,0.5,100.24,4,409.5,17,47,340,59,"pop",NA,NA,NA,NA,NA,NA,NA,NA,NA,NA,NA,NA,NA,NA,NA,NA,NA,NA,NA
"Crash And Burn",2000,78,"Savage Garden",0.098,0.128,0.774,-0.6557,0.1,106.67,4.8,280.8,12,15,248,33,"pop, rock",NA,NA,NA,NA,NA,NA,NA,NA,NA,NA,NA,NA,NA,NA,NA,NA,NA,NA,NA
"Cry For Help",1991,70,"Rick Astley",0.289,0.139,0.572,0.9948,-2.2,118.18,3.6,334.8,11,40,324,71,"pop",NA,NA,NA,NA,NA,NA,NA,NA,NA,NA,NA,NA,NA,NA,NA,NA,NA,NA,NA
"Damn!",2004,68,"YoungBloodZ",0.138,0.099,0.763,0.9695,1.3,103.63,6,704.7,63,10,641,63,"",NA,NA,NA,NA,NA,NA,NA,NA,NA,NA,NA,NA,NA,NA,NA,NA,NA,NA,NA
"Damn!",2003,46,"YoungBloodZ",0.138,0.099,0.763,0.9695,1.3,103.63,6,704.7,63,10,641,63,"",NA,NA,NA,NA,NA,NA,NA,NA,NA,NA,NA,NA,NA,NA,NA,NA,NA,NA,NA
"Deeper And Deeper",1993,66,"Madonna",0.228,0.039,0.733,0.9987,1.3,98.21,4.8,621.9,19,45,505,70,"electronic/dance, electronic/dance, pop",NA,NA,NA,NA,NA,NA,NA,NA,NA,NA,NA,NA,NA,NA,NA,NA,NA,NA,NA
"DJ Got Us Fallin' in Love",2010,22,"Usher",0.178,0.046,0.777,0.9969,0.9,99.23,4.4,540,42,26,451,74,"",NA,NA,NA,NA,NA,NA,NA,NA,NA,NA,NA,NA,NA,NA,NA,NA,NA,NA,NA
"DJ Got Us Fallin' In Love",2011,65,"Usher",0.178,0.046,0.777,0.9969,0.9,99.23,4.4,540,42,26,451,74,"",NA,NA,NA,NA,NA,NA,NA,NA,NA,NA,NA,NA,NA,NA,NA,NA,NA,NA,NA
"Do I Make you Proud",2006,99,"Taylor Hicks",0.187,0.01,0.803,0.9951,0.5,100.24,4,376.2,16,30,314,55,"blues, pop, rock",NA,NA,NA,NA,NA,NA,NA,NA,NA,NA,NA,NA,NA,NA,NA,NA,NA,NA,NA
"Do it to It",2006,56,"Cherish",0.031,0.042,0.927,-0.5859,-1.4,116.15,4.4,680.4,34,53,663,95,"",NA,NA,NA,NA,NA,NA,NA,NA,NA,NA,NA,NA,NA,NA,NA,NA,NA,NA,NA
"Do What U Want",2014,84,"Lady Gaga",0.169,0.063,0.769,0.9706,0.1,106.67,4.8,603.9,29,52,558,79,"electronic/dance, pop",NA,NA,NA,NA,NA,NA,NA,NA,NA,NA,NA,NA,NA,NA,NA,NA,NA,NA,NA
"Doin It",1996,61,"LL Cool J",0.117,0.07,0.813,0.9803,0.1,106.67,4.8,614.7,52,34,580,76,"",NA,NA,NA,NA,NA,NA,NA,NA,NA,NA,NA,NA,NA,NA,NA,NA,NA,NA,NA
"Don't Forget About Us",2006,50,"Mariah Carey",0.178,0.037,0.785,0.9963,0.9,99.23,4.4,615.6,30,51,518,84,"pop, hip-hop/rnb",NA,NA,NA,NA,NA,NA,NA,NA,NA,NA,NA,NA,NA,NA,NA,NA,NA,NA,NA
"Don't Know Much",1990,20,"Linda Ronstadt",0.21,0.022,0.768,0.9897,-0.7,108.7,4,200.7,13,19,182,34,"country, folk",NA,NA,NA,NA,NA,NA,NA,NA,NA,NA,NA,NA,NA,NA,NA,NA,NA,NA,NA
"Don't Shed A Tear",1988,83,"Paul Carrack",0.044,0.027,0.929,0.5319,-0.7,108.7,4,229.5,8,29,213,39,"",NA,NA,NA,NA,NA,NA,NA,NA,NA,NA,NA,NA,NA,NA,NA,NA,NA,NA,NA
"Don't Worry, Be Happy",1988,37,"Bobby McFerrin",0.221,0.216,0.563,-0.8693,8.4,47.45,4.8,591.3,38,59,331,44,"classical/soundtrack, jazz, reggae",NA,NA,NA,NA,NA,NA,NA,NA,NA,NA,NA,NA,NA,NA,NA,NA,NA,NA,NA
"Don't You Know What The Night Can Do",1988,88,"Steve Winwood",0.073,0.032,0.896,0.9649,-1.4,116.15,4.4,427.5,14,40,412,60,"pop, rock",NA,NA,NA,NA,NA,NA,NA,NA,NA,NA,NA,NA,NA,NA,NA,NA,NA,NA,NA
"Doo Wop",1999,41,"Lauryn Hill",0.137,0.076,0.787,0.9887,1.3,98.21,4.8,735.3,68,34,617,78,"",NA,NA,NA,NA,NA,NA,NA,NA,NA,NA,NA,NA,NA,NA,NA,NA,NA,NA,NA
"Down Low",1996,35,"R. Kelly",0.105,0.102,0.792,0.5812,0.9,99.23,4.4,263.7,17,22,229,33,"hip-hop/rnb, pop, hip-hop/rnb, soul",NA,NA,NA,NA,NA,NA,NA,NA,NA,NA,NA,NA,NA,NA,NA,NA,NA,NA,NA
"Drank In My Cup",2012,78,"Kirko Bangz",0.085,0.076,0.839,-0.7881,0.1,106.67,4.8,613.8,29,28,537,71,"",NA,NA,NA,NA,NA,NA,NA,NA,NA,NA,NA,NA,NA,NA,NA,NA,NA,NA,NA
"Dre Day",1993,53,"Dr. Dre",0.121,0.153,0.726,-0.9948,1.7,97.2,5.2,842.4,85,21,700,83,"",NA,NA,NA,NA,NA,NA,NA,NA,NA,NA,NA,NA,NA,NA,NA,NA,NA,NA,NA
"Drop it Like it's Hot",2004,71,"Snoop Dogg",0.17,0.083,0.746,0.9968,0.1,106.67,4.8,875.7,55,72,788,103,"hip-hop/rnb, reggae",NA,NA,NA,NA,NA,NA,NA,NA,NA,NA,NA,NA,NA,NA,NA,NA,NA,NA,NA
"Drops Of Jupiter",2001,4,"Train",0.104,0.022,0.874,0.9894,2.1,96.18,5.6,522,29,18,440,48,"alternative/indie, pop",NA,NA,NA,NA,NA,NA,NA,NA,NA,NA,NA,NA,NA,NA,NA,NA,NA,NA,NA
"Drunk In Love",2014,35,"Beyonce",0.19,0.096,0.714,0.9966,1.7,97.2,5.2,684.9,75,32,585,73,"pop, hip-hop/rnb",NA,NA,NA,NA,NA,NA,NA,NA,NA,NA,NA,NA,NA,NA,NA,NA,NA,NA,NA
"Earned It",2015,9,"The Weeknd",0.309,0.085,0.606,0.9978,1.7,91.78,4,328.5,14,26,258,44,"hip-hop/rnb",NA,NA,NA,NA,NA,NA,NA,NA,NA,NA,NA,NA,NA,NA,NA,NA,NA,NA,NA
"Empire State of Mind",2010,21,"Jay-Z",0.17,0.057,0.773,0.9981,1.3,98.21,4.8,835.2,92,33,670,84,"hip-hop/rnb, religious",NA,NA,NA,NA,NA,NA,NA,NA,NA,NA,NA,NA,NA,NA,NA,NA,NA,NA,NA
"Every Day Of The Week",1995,74,"Jade",0.123,0.008,0.869,0.9966,2.1,90.77,4.4,765.9,34,49,570,89,"",NA,NA,NA,NA,NA,NA,NA,NA,NA,NA,NA,NA,NA,NA,NA,NA,NA,NA,NA
"F**K You",2011,7,"Cee Lo Green",0.222,0.204,0.573,0.811,-0.7,108.7,4,541.8,19,77,512,88,"hip-hop/rnb, pop, hip-hop/rnb, soul",NA,NA,NA,NA,NA,NA,NA,NA,NA,NA,NA,NA,NA,NA,NA,NA,NA,NA,NA
"Fastlove",1996,62,"George Michael",0.197,0.054,0.749,0.9931,0.9,99.23,4.4,378,32,27,311,46,"pop, rock",NA,NA,NA,NA,NA,NA,NA,NA,NA,NA,NA,NA,NA,NA,NA,NA,NA,NA,NA
"Feel Good Inc",2006,97,"Gorillaz",0.208,0.199,0.593,0.9881,2.1,90.77,4.4,571.5,33,40,430,65,"electronic/dance, hip-hop/rnb, rock",NA,NA,NA,NA,NA,NA,NA,NA,NA,NA,NA,NA,NA,NA,NA,NA,NA,NA,NA
"Feel Good Inc",2005,37,"Gorillaz",0.208,0.199,0.593,0.9881,2.1,90.77,4.4,571.5,33,40,430,65,"electronic/dance, hip-hop/rnb, rock",NA,NA,NA,NA,NA,NA,NA,NA,NA,NA,NA,NA,NA,NA,NA,NA,NA,NA,NA
"Feels Like Tonight",2008,95,"Daughtry",0.144,0.019,0.837,0.9743,2.1,90.77,4.4,284.4,21,16,225,34,"",NA,NA,NA,NA,NA,NA,NA,NA,NA,NA,NA,NA,NA,NA,NA,NA,NA,NA,NA
"Flava In Ya Ear",1994,81,"Craig Mack",0.059,0.075,0.866,-0.9315,1.7,97.2,5.2,842.4,84,9,700,81,"",NA,NA,NA,NA,NA,NA,NA,NA,NA,NA,NA,NA,NA,NA,NA,NA,NA,NA,NA
"Forget About Dre",2000,73,"Dr. Dre",0.104,0.139,0.757,-0.9925,3.6,92.12,7.2,1111.5,94,37,898,67,"",NA,NA,NA,NA,NA,NA,NA,NA,NA,NA,NA,NA,NA,NA,NA,NA,NA,NA,NA
"Freedom 90",1991,95,"George Michael",0.187,0.039,0.774,0.9978,0.9,99.23,4.4,637.2,27,20,523,78,"pop, rock",NA,NA,NA,NA,NA,NA,NA,NA,NA,NA,NA,NA,NA,NA,NA,NA,NA,NA,NA
"Freek-a-Leek",2004,14,"Petey Pablo",0.166,0.027,0.807,0.9967,2.1,96.18,5.6,702,59,30,576,60,"",NA,NA,NA,NA,NA,NA,NA,NA,NA,NA,NA,NA,NA,NA,NA,NA,NA,NA,NA
"From The Bottom Of My Broken Heart",2000,77,"Britney Spears",0.215,0.099,0.686,0.986,0.5,100.24,4,249.3,22,13,207,35,"electronic/dance, pop",NA,NA,NA,NA,NA,NA,NA,NA,NA,NA,NA,NA,NA,NA,NA,NA,NA,NA,NA
"Frontin'",2003,34,"Pharrell",0.148,0.077,0.775,0.9837,0.5,105.66,5.2,516.6,29,26,455,52,"",NA,NA,NA,NA,NA,NA,NA,NA,NA,NA,NA,NA,NA,NA,NA,NA,NA,NA,NA
"Get It Poppin'",2005,50,"Fat Joe",0.08,0.113,0.808,-0.9865,0.1,106.67,4.8,789.3,54,37,693,90,"",NA,NA,NA,NA,NA,NA,NA,NA,NA,NA,NA,NA,NA,NA,NA,NA,NA,NA,NA
"Ghetto Cowboy",1999,87,"Mo Thugs Family",0.131,0.073,0.796,0.9943,2.1,96.18,5.6,950.4,112,24,773,80,"",NA,NA,NA,NA,NA,NA,NA,NA,NA,NA,NA,NA,NA,NA,NA,NA,NA,NA,NA
"Gin And Juice",1994,52,"Snoop Doggy Dogg",0.055,0.143,0.802,-0.9947,1.7,97.2,5.2,566.1,64,17,473,56,"hip-hop/rnb, reggae",NA,NA,NA,NA,NA,NA,NA,NA,NA,NA,NA,NA,NA,NA,NA,NA,NA,NA,NA
"Girl I'm Gonna Miss You",1989,16,"Milli Vanilli",0.147,0.125,0.728,0.8515,-0.3,107.69,4.4,427.5,21,39,374,56,"",NA,NA,NA,NA,NA,NA,NA,NA,NA,NA,NA,NA,NA,NA,NA,NA,NA,NA,NA
"Girl On Fire",2013,49,"Alicia Keys",0.066,0.199,0.735,-0.9874,-0.3,107.69,4.4,273.6,19,19,242,38,"pop, hip-hop/rnb, soul",NA,NA,NA,NA,NA,NA,NA,NA,NA,NA,NA,NA,NA,NA,NA,NA,NA,NA,NA
"Give It Up, Turn It Loose",1993,84,"En Vogue",0.15,0.158,0.692,0.9438,0.5,100.24,4,536.4,46,18,437,74,"",NA,NA,NA,NA,NA,NA,NA,NA,NA,NA,NA,NA,NA,NA,NA,NA,NA,NA,NA
"Give Your Heart A Break",2012,39,"Demi Lovato",0.07,0.156,0.774,-0.9897,-0.3,107.69,4.4,489.6,21,40,427,66,"pop",NA,NA,NA,NA,NA,NA,NA,NA,NA,NA,NA,NA,NA,NA,NA,NA,NA,NA,NA
"Giving You The Best That I Got",1989,10,"Anita Baker",0.276,0.015,0.709,0.9978,1.3,98.21,4.8,351.9,16,8,287,36,"jazz, hip-hop/rnb, soul",NA,NA,NA,NA,NA,NA,NA,NA,NA,NA,NA,NA,NA,NA,NA,NA,NA,NA,NA
"Glory Of Love",1986,14,"Peter Cetera",0.305,0.061,0.634,0.9975,0.9,99.23,4.4,309.6,20,18,250,37,"",NA,NA,NA,NA,NA,NA,NA,NA,NA,NA,NA,NA,NA,NA,NA,NA,NA,NA,NA
"God Must Have Spent A Little More Time On You",1999,100,"Alabama",0.195,0.071,0.734,0.9887,1.7,97.2,5.2,365.4,23,15,308,36,"country, rock",NA,NA,NA,NA,NA,NA,NA,NA,NA,NA,NA,NA,NA,NA,NA,NA,NA,NA,NA
"Gonna Make You Sweat",1991,3,"C+C Music Factory",0.085,0.005,0.91,0.9761,2.1,90.77,4.4,465.3,22,47,345,57,"",NA,NA,NA,NA,NA,NA,NA,NA,NA,NA,NA,NA,NA,NA,NA,NA,NA,NA,NA
"Good Girls Go Bad",2009,43,"Cobra Starship",0.24,0.206,0.554,0.9002,-0.7,108.7,4,398.7,12,38,367,65,"",NA,NA,NA,NA,NA,NA,NA,NA,NA,NA,NA,NA,NA,NA,NA,NA,NA,NA,NA
"Goodies",2004,9,"Ciara",0.098,0.112,0.79,-0.9681,-0.3,107.69,4.4,671.4,45,39,586,90,"electronic/dance, pop",NA,NA,NA,NA,NA,NA,NA,NA,NA,NA,NA,NA,NA,NA,NA,NA,NA,NA,NA
"Got My Mind Set On You",1988,3,"George Harrison",0.032,0,0.968,0.9022,-0.3,107.69,4.4,398.7,8,53,373,61,"electronic/dance, folk, pop, rock",NA,NA,NA,NA,NA,NA,NA,NA,NA,NA,NA,NA,NA,NA,NA,NA,NA,NA,NA
"Gotta Get Thru This",2002,61,"Daniel Bedingfield",0.177,0.008,0.816,0.9954,1.3,98.21,4.8,419.4,8,35,364,50,"electronic/dance, pop",NA,NA,NA,NA,NA,NA,NA,NA,NA,NA,NA,NA,NA,NA,NA,NA,NA,NA,NA
"Groove Is In The Heart",1991,91,"Deee-Lite",0.099,0.033,0.867,0.9753,0.5,100.24,4,452.7,44,21,364,64,"",NA,NA,NA,NA,NA,NA,NA,NA,NA,NA,NA,NA,NA,NA,NA,NA,NA,NA,NA
"Grown Men Don't Cry",2001,78,"Tim McGraw",0.106,0.011,0.883,0.9778,0.5,105.66,5.2,333.9,23,10,305,36,"country",NA,NA,NA,NA,NA,NA,NA,NA,NA,NA,NA,NA,NA,NA,NA,NA,NA,NA,NA
"Habits",2015,77,"Tove Lo",0.068,0.132,0.801,-0.9443,2.9,94.15,6.4,404.1,30,15,337,30,"pop",NA,NA,NA,NA,NA,NA,NA,NA,NA,NA,NA,NA,NA,NA,NA,NA,NA,NA,NA
"Habits",2014,32,"Tove Lo",0.068,0.132,0.801,-0.9443,2.9,94.15,6.4,404.1,30,15,337,30,"pop",NA,NA,NA,NA,NA,NA,NA,NA,NA,NA,NA,NA,NA,NA,NA,NA,NA,NA,NA
"Hall Of Fame",2013,85,"Script",0.182,0.026,0.792,0.9969,0.1,106.67,4.8,462.6,25,50,412,56,"",NA,NA,NA,NA,NA,NA,NA,NA,NA,NA,NA,NA,NA,NA,NA,NA,NA,NA,NA
"Have You Ever?",1999,14,"Brandy",0.088,0.069,0.843,0.8663,3.7,86.71,6,510.3,19,23,407,39,"pop, hip-hop/rnb",NA,NA,NA,NA,NA,NA,NA,NA,NA,NA,NA,NA,NA,NA,NA,NA,NA,NA,NA
"Hazy Shade Of Winter",1988,35,"Bangles",0.112,0.016,0.871,0.9583,1.7,91.78,4,249.3,23,26,194,37,"pop, rock",NA,NA,NA,NA,NA,NA,NA,NA,NA,NA,NA,NA,NA,NA,NA,NA,NA,NA,NA
"He Loves U Not",2001,28,"Dream",0.212,0.046,0.743,0.9986,0.1,106.67,4.8,549,25,33,490,66,"",NA,NA,NA,NA,NA,NA,NA,NA,NA,NA,NA,NA,NA,NA,NA,NA,NA,NA,NA
"Here And Now",1990,43,"Luther Vandross",0.372,0,0.628,0.9988,0.5,100.24,4,315.9,12,16,265,45,"pop, soul",NA,NA,NA,NA,NA,NA,NA,NA,NA,NA,NA,NA,NA,NA,NA,NA,NA,NA,NA
"Here is Gone",2002,78,"Goo Goo Dolls",0.081,0.115,0.804,-0.832,0.1,106.67,4.8,358.2,17,23,313,44,"",NA,NA,NA,NA,NA,NA,NA,NA,NA,NA,NA,NA,NA,NA,NA,NA,NA,NA,NA
"Here's To The Night",2001,90,"Eve 6",0.108,0.115,0.777,-0.4115,0.9,99.23,4.4,257.4,13,24,216,36,"",NA,NA,NA,NA,NA,NA,NA,NA,NA,NA,NA,NA,NA,NA,NA,NA,NA,NA,NA
"Hit 'Em Up Style",2001,11,"Blu Cantrell",0.065,0.057,0.877,0.7752,0.5,105.66,5.2,622.8,31,38,552,69,"hip-hop/rnb",NA,NA,NA,NA,NA,NA,NA,NA,NA,NA,NA,NA,NA,NA,NA,NA,NA,NA,NA
"Hold Me, Thrill Me, Kiss Me, Kill Me",1995,81,"U2",0.18,0.166,0.654,-0.5638,-0.3,107.69,4.4,211.5,17,20,190,31,"",NA,NA,NA,NA,NA,NA,NA,NA,NA,NA,NA,NA,NA,NA,NA,NA,NA,NA,NA
"Holding Back The Years",1986,22,"Simply Red",0.12,0.187,0.693,-0.9381,0.5,100.24,4,189.9,18,16,154,30,"pop",NA,NA,NA,NA,NA,NA,NA,NA,NA,NA,NA,NA,NA,NA,NA,NA,NA,NA,NA
"How Am I Supposed To Live Without You",1990,12,"Michael Bolton",0.081,0.017,0.902,0.9643,2.1,96.18,5.6,373.5,15,20,315,34,"pop, rock",NA,NA,NA,NA,NA,NA,NA,NA,NA,NA,NA,NA,NA,NA,NA,NA,NA,NA,NA
"How Can I Fall?",1989,27,"Breathe",0.047,0.056,0.897,-0.4055,0.1,106.67,4.8,321.3,5,28,299,42,"",NA,NA,NA,NA,NA,NA,NA,NA,NA,NA,NA,NA,NA,NA,NA,NA,NA,NA,NA
"How Do You Talk To An Angel",1992,59,"Heights",0.12,0.03,0.85,0.9583,0.1,106.67,4.8,226.8,4,22,205,26,"",NA,NA,NA,NA,NA,NA,NA,NA,NA,NA,NA,NA,NA,NA,NA,NA,NA,NA,NA
"How Do You Talk To An Angel",1993,80,"Heights",0.12,0.03,0.85,0.9583,0.1,106.67,4.8,226.8,4,22,205,26,"",NA,NA,NA,NA,NA,NA,NA,NA,NA,NA,NA,NA,NA,NA,NA,NA,NA,NA,NA
"How's It Going To Be",1998,11,"Third Eye Blind",0.07,0.061,0.869,0.3387,0.1,106.67,4.8,294.3,19,11,259,35,"",NA,NA,NA,NA,NA,NA,NA,NA,NA,NA,NA,NA,NA,NA,NA,NA,NA,NA,NA
"I Can't Sleep Baby",1996,27,"R. Kelly",0.044,0.056,0.9,-0.1168,0.9,104.64,5.6,352.8,16,14,307,31,"hip-hop/rnb, pop, hip-hop/rnb, soul",NA,NA,NA,NA,NA,NA,NA,NA,NA,NA,NA,NA,NA,NA,NA,NA,NA,NA,NA
"I Do Not Hook Up",2009,91,"Kelly Clarkson",0.15,0.094,0.757,0.9654,0.1,106.67,4.8,350.1,15,21,329,42,"pop, rock",NA,NA,NA,NA,NA,NA,NA,NA,NA,NA,NA,NA,NA,NA,NA,NA,NA,NA,NA
"I Don't F**k With You",2015,47,"Big Sean",0.159,0.234,0.607,-0.9984,2.1,96.18,5.6,1018.8,72,23,876,90,"",NA,NA,NA,NA,NA,NA,NA,NA,NA,NA,NA,NA,NA,NA,NA,NA,NA,NA,NA
"I Don't Want To Be",2005,58,"Gavin DeGraw",0.042,0.105,0.853,-0.9027,2.1,90.77,4.4,389.7,22,25,302,47,"pop, rock",NA,NA,NA,NA,NA,NA,NA,NA,NA,NA,NA,NA,NA,NA,NA,NA,NA,NA,NA
"I Don't Want To Live Without You",1988,86,"Foreigner",0.107,0.178,0.715,-0.9819,0.5,100.24,4,297,15,23,238,41,"rock",NA,NA,NA,NA,NA,NA,NA,NA,NA,NA,NA,NA,NA,NA,NA,NA,NA,NA,NA
"I Don't Want To Wait",1998,10,"Paula Cole",0.105,0.09,0.805,0.9536,0.5,105.66,5.2,437.4,22,26,395,47,"",NA,NA,NA,NA,NA,NA,NA,NA,NA,NA,NA,NA,NA,NA,NA,NA,NA,NA,NA
"I Feel For You",1985,5,"Chaka Khan",0.147,0.01,0.843,0.9958,0.1,106.67,4.8,489.6,21,41,440,61,"",NA,NA,NA,NA,NA,NA,NA,NA,NA,NA,NA,NA,NA,NA,NA,NA,NA,NA,NA
"I Go To Extremes",1990,82,"Billy Joel",0.182,0.099,0.719,0.9816,1.3,98.21,4.8,390.6,21,21,327,43,"classical/soundtrack, pop, rock",NA,NA,NA,NA,NA,NA,NA,NA,NA,NA,NA,NA,NA,NA,NA,NA,NA,NA,NA
"I Hate Myself For Loving You",1988,85,"Joan Jett and The Blackhearts",0.184,0.242,0.574,-0.9789,0.5,105.66,5.2,362.7,20,24,322,39,"",NA,NA,NA,NA,NA,NA,NA,NA,NA,NA,NA,NA,NA,NA,NA,NA,NA,NA,NA
"I Heard A Rumour",1987,53,"Bananarama",0.131,0.103,0.765,0.5574,-0.7,108.7,4,227.7,16,13,202,36,"electronic/dance, electronic/dance, pop",NA,NA,NA,NA,NA,NA,NA,NA,NA,NA,NA,NA,NA,NA,NA,NA,NA,NA,NA
"I Just Wanna Love U",2001,56,"Jay-Z",0.176,0.101,0.723,0.9931,0.9,99.23,4.4,729.9,61,39,623,90,"hip-hop/rnb, religious",NA,NA,NA,NA,NA,NA,NA,NA,NA,NA,NA,NA,NA,NA,NA,NA,NA,NA,NA
"I Knew You Were Trouble",2013,16,"Taylor Swift",0.016,0.321,0.663,-0.9991,1.3,98.21,4.8,458.1,25,33,392,52,"country, pop",NA,NA,NA,NA,NA,NA,NA,NA,NA,NA,NA,NA,NA,NA,NA,NA,NA,NA,NA
"I Knew You Were Waiting",1987,36,"Aretha Franklin",0.165,0.061,0.774,0.9881,1.3,98.21,4.8,450,34,19,381,54,"jazz, pop, hip-hop/rnb, rock, soul",NA,NA,NA,NA,NA,NA,NA,NA,NA,NA,NA,NA,NA,NA,NA,NA,NA,NA,NA
"I Know What You Want",2003,17,"Busta Rhymes",0.112,0.042,0.846,0.9935,0.9,99.23,4.4,1032.3,86,97,891,148,"",NA,NA,NA,NA,NA,NA,NA,NA,NA,NA,NA,NA,NA,NA,NA,NA,NA,NA,NA
"I Know You Want Me",2009,17,"Pitbull",0.139,0.038,0.823,0.9899,-0.3,107.69,4.4,705.6,42,97,621,97,"",NA,NA,NA,NA,NA,NA,NA,NA,NA,NA,NA,NA,NA,NA,NA,NA,NA,NA,NA
"I Made It",2010,80,"Kevin Rudolf",0.1,0.09,0.81,0.6493,1.3,98.21,4.8,498.6,56,25,417,58,"",NA,NA,NA,NA,NA,NA,NA,NA,NA,NA,NA,NA,NA,NA,NA,NA,NA,NA,NA
"I Need To Know",1999,79,"Marc Anthony",0.06,0.024,0.917,0.8553,1.3,98.21,4.8,413.1,12,37,359,49,"pop",NA,NA,NA,NA,NA,NA,NA,NA,NA,NA,NA,NA,NA,NA,NA,NA,NA,NA,NA
"I Need To Know",2000,23,"Marc Anthony",0.06,0.024,0.917,0.8553,1.3,98.21,4.8,413.1,12,37,359,49,"pop",NA,NA,NA,NA,NA,NA,NA,NA,NA,NA,NA,NA,NA,NA,NA,NA,NA,NA,NA
"I Think They Like Me",2006,85,"Dem Franchize Boyz",0.147,0.132,0.72,0.3272,2.1,96.18,5.6,568.8,65,12,483,51,"",NA,NA,NA,NA,NA,NA,NA,NA,NA,NA,NA,NA,NA,NA,NA,NA,NA,NA,NA
"I Want Your Sex",1987,24,"George Michael",0.193,0.074,0.733,0.9929,0.5,100.24,4,422.1,24,28,364,65,"pop, rock",NA,NA,NA,NA,NA,NA,NA,NA,NA,NA,NA,NA,NA,NA,NA,NA,NA,NA,NA
"I Wish It Would Rain Down",1990,56,"Phil Collins",0.194,0.048,0.758,0.9919,-0.3,113.1,5.6,323.1,13,9,323,35,"jazz, pop, rock",NA,NA,NA,NA,NA,NA,NA,NA,NA,NA,NA,NA,NA,NA,NA,NA,NA,NA,NA
"I Write Sins not Tragedies",2006,20,"Panic! At The Disco",0.199,0.156,0.644,0.9495,2.5,89.75,4.8,385.2,18,30,302,42,"",NA,NA,NA,NA,NA,NA,NA,NA,NA,NA,NA,NA,NA,NA,NA,NA,NA,NA,NA
"I'd Do Anything For Love",1993,36,"Meat Loaf",0.233,0.046,0.721,0.9997,0.9,99.23,4.4,1100.7,42,98,923,143,"rock",NA,NA,NA,NA,NA,NA,NA,NA,NA,NA,NA,NA,NA,NA,NA,NA,NA,NA,NA
"I'd Do Anything For Love",1994,38,"Meat Loaf",0.233,0.046,0.721,0.9997,0.9,99.23,4.4,1100.7,42,98,923,143,"rock",NA,NA,NA,NA,NA,NA,NA,NA,NA,NA,NA,NA,NA,NA,NA,NA,NA,NA,NA
"I'll Be Missing You",1997,3,"Puff Daddy",0.124,0.095,0.781,0.953,1.7,91.78,4,673.2,44,37,538,91,"hip-hop/rnb",NA,NA,NA,NA,NA,NA,NA,NA,NA,NA,NA,NA,NA,NA,NA,NA,NA,NA,NA
"I'll Give All My Love To You",1991,76,"Keith Sweat",0.174,0.057,0.769,0.9967,2.5,95.17,6,622.8,22,10,512,49,"hip-hop/rnb",NA,NA,NA,NA,NA,NA,NA,NA,NA,NA,NA,NA,NA,NA,NA,NA,NA,NA,NA
"I'm Gonna Be Alright",2002,29,"Jennifer Lopez",0.104,0.04,0.856,0.9795,0.9,104.64,5.6,514.8,17,23,459,47,"electronic/dance, pop",NA,NA,NA,NA,NA,NA,NA,NA,NA,NA,NA,NA,NA,NA,NA,NA,NA,NA,NA
"I'm N Luv",2006,41,"T-Pain",0.059,0.042,0.899,0.8572,-0.3,107.69,4.4,689.4,37,60,636,100,"pop",NA,NA,NA,NA,NA,NA,NA,NA,NA,NA,NA,NA,NA,NA,NA,NA,NA,NA,NA
"I'm Your Angel",1999,16,"R. Kelly",0.08,0.099,0.821,-0.8957,0.1,106.67,4.8,508.5,13,39,466,60,"hip-hop/rnb, pop, hip-hop/rnb, soul",NA,NA,NA,NA,NA,NA,NA,NA,NA,NA,NA,NA,NA,NA,NA,NA,NA,NA,NA
"If I could Go!",2002,69,"Angie Martinez",0.099,0.059,0.842,0.9879,2.1,96.18,5.6,891,50,34,769,85,"",NA,NA,NA,NA,NA,NA,NA,NA,NA,NA,NA,NA,NA,NA,NA,NA,NA,NA,NA
"If I Were A Boy",2009,48,"Beyonce",0.121,0.138,0.741,-0.5305,0.5,100.24,4,362.7,18,16,304,51,"pop, hip-hop/rnb",NA,NA,NA,NA,NA,NA,NA,NA,NA,NA,NA,NA,NA,NA,NA,NA,NA,NA,NA
"If You Leave",1986,53,"Orchestral Manoeuvres In The Dark",0.117,0.054,0.829,0.9613,0.9,99.23,4.4,274.5,13,16,229,37,"alternative/indie, electronic/dance, pop",NA,NA,NA,NA,NA,NA,NA,NA,NA,NA,NA,NA,NA,NA,NA,NA,NA,NA,NA
"If Your Girl Only Knew",1996,69,"Aaliyah",0.126,0.129,0.745,0.2392,0.1,106.67,4.8,262.8,8,20,234,33,"pop",NA,NA,NA,NA,NA,NA,NA,NA,NA,NA,NA,NA,NA,NA,NA,NA,NA,NA,NA
"In Love With A Girl",2008,87,"Gavin DeGraw",0.273,0.07,0.657,0.9988,1.3,98.21,4.8,519.3,28,35,431,56,"pop, rock",NA,NA,NA,NA,NA,NA,NA,NA,NA,NA,NA,NA,NA,NA,NA,NA,NA,NA,NA
"In The Ayer",2008,59,"Flo Rida",0.092,0.054,0.854,0.9534,0.1,106.67,4.8,463.5,30,12,423,58,"electronic/dance",NA,NA,NA,NA,NA,NA,NA,NA,NA,NA,NA,NA,NA,NA,NA,NA,NA,NA,NA
"In The Closet",1992,66,"Michael Jackson",0.093,0.026,0.881,0.9872,1.3,98.21,4.8,801,25,58,678,85,"disco, pop, hip-hop/rnb, rock, soul",NA,NA,NA,NA,NA,NA,NA,NA,NA,NA,NA,NA,NA,NA,NA,NA,NA,NA,NA
"In The Still Of The Nite",1993,12,"Boyz II Men",0.209,0,0.791,0.9884,0.9,99.23,4.4,185.4,9,20,158,26,"pop, soul",NA,NA,NA,NA,NA,NA,NA,NA,NA,NA,NA,NA,NA,NA,NA,NA,NA,NA,NA
"Independent Women Part I",2000,97,"Destiny's Child",0.127,0.024,0.849,0.9955,1.3,98.21,4.8,682.2,45,52,589,78,"pop, hip-hop/rnb",NA,NA,NA,NA,NA,NA,NA,NA,NA,NA,NA,NA,NA,NA,NA,NA,NA,NA,NA
"Independent Women Part I",2001,10,"Destiny's Child",0.127,0.024,0.849,0.9955,1.3,98.21,4.8,682.2,45,52,589,78,"pop, hip-hop/rnb",NA,NA,NA,NA,NA,NA,NA,NA,NA,NA,NA,NA,NA,NA,NA,NA,NA,NA,NA
"Insane In The Brain",1993,65,"Cypress Hill",0.052,0.249,0.699,-0.9981,1.7,91.78,4,612.9,46,54,471,88,"hip-hop/rnb, religious",NA,NA,NA,NA,NA,NA,NA,NA,NA,NA,NA,NA,NA,NA,NA,NA,NA,NA,NA
"Inside Your Heaven",2005,71,"Carrie Underwood",0.167,0.074,0.759,0.9808,0.9,99.23,4.4,331.2,22,27,273,43,"country, pop",NA,NA,NA,NA,NA,NA,NA,NA,NA,NA,NA,NA,NA,NA,NA,NA,NA,NA,NA
"It'S Not My Time",2008,52,"3 Doors Down",0.086,0.018,0.897,0.9612,-0.7,108.7,4,369.9,15,31,328,57,"rock",NA,NA,NA,NA,NA,NA,NA,NA,NA,NA,NA,NA,NA,NA,NA,NA,NA,NA,NA
"Izzo",2001,52,"Jay-Z",0.118,0.098,0.785,0.8815,1.7,97.2,5.2,594.9,73,23,517,60,"hip-hop/rnb, religious",NA,NA,NA,NA,NA,NA,NA,NA,NA,NA,NA,NA,NA,NA,NA,NA,NA,NA,NA
"Jesus, take the Wheel",2006,78,"Carrie Underwood",0.085,0.054,0.861,0.8675,0.9,99.23,4.4,337.5,20,13,291,46,"country, pop",NA,NA,NA,NA,NA,NA,NA,NA,NA,NA,NA,NA,NA,NA,NA,NA,NA,NA,NA
"Justified And Ancient",1992,86,"KLF",0.245,0.065,0.69,0.9944,1.3,98.21,4.8,313.2,10,34,258,36,"electronic/dance, pop",NA,NA,NA,NA,NA,NA,NA,NA,NA,NA,NA,NA,NA,NA,NA,NA,NA,NA,NA
"Keep On, Keepin' On",1996,77,"Mc Lyte",0.131,0.124,0.745,-0.5258,1.3,98.21,4.8,658.8,68,4,543,75,"hip-hop/rnb, hip-hop/rnb",NA,NA,NA,NA,NA,NA,NA,NA,NA,NA,NA,NA,NA,NA,NA,NA,NA,NA,NA
"Key West Intermezzo",1996,71,"John Mellencamp",0.104,0.028,0.868,0.9598,2.1,96.18,5.6,327.6,29,11,274,30,"pop, rock",NA,NA,NA,NA,NA,NA,NA,NA,NA,NA,NA,NA,NA,NA,NA,NA,NA,NA,NA
"King Of Anything",2010,95,"Sara Bareilles",0.105,0.075,0.82,0.8945,0.9,99.23,4.4,416.7,24,39,349,57,"",NA,NA,NA,NA,NA,NA,NA,NA,NA,NA,NA,NA,NA,NA,NA,NA,NA,NA,NA
"King Of Wishful Thinking",1990,70,"Go West",0.013,0.108,0.879,-0.9705,-0.3,107.69,4.4,371.7,11,23,332,52,"pop",NA,NA,NA,NA,NA,NA,NA,NA,NA,NA,NA,NA,NA,NA,NA,NA,NA,NA,NA
"Kissing A Fool",1988,91,"George Michael",0.179,0.134,0.687,0.9765,1.3,98.21,4.8,369.9,18,9,317,44,"pop, rock",NA,NA,NA,NA,NA,NA,NA,NA,NA,NA,NA,NA,NA,NA,NA,NA,NA,NA,NA
"Last Friday Night",2011,14,"Katy Perry",0.139,0.067,0.794,0.9816,0.5,100.24,4,489.6,38,76,413,80,"pop",NA,NA,NA,NA,NA,NA,NA,NA,NA,NA,NA,NA,NA,NA,NA,NA,NA,NA,NA
"Like A Boy",2007,68,"Ciara",0.208,0.047,0.745,0.9982,-0.7,108.7,4,663.3,28,66,597,116,"electronic/dance, pop",NA,NA,NA,NA,NA,NA,NA,NA,NA,NA,NA,NA,NA,NA,NA,NA,NA,NA,NA
"Like A Stone",2003,96,"Audioslave",0.12,0.15,0.73,-0.7906,0.5,100.24,4,254.7,25,18,212,39,"rock",NA,NA,NA,NA,NA,NA,NA,NA,NA,NA,NA,NA,NA,NA,NA,NA,NA,NA,NA
"Like A Virgin",1985,2,"Madonna",0.26,0.041,0.699,0.9949,0.5,100.24,4,274.5,17,19,227,43,"electronic/dance, electronic/dance, pop",NA,NA,NA,NA,NA,NA,NA,NA,NA,NA,NA,NA,NA,NA,NA,NA,NA,NA,NA
"Lips of an Angel",2006,30,"Hinder",0.155,0.075,0.771,0.9822,-0.3,107.69,4.4,325.8,12,26,285,41,"alternative/indie",NA,NA,NA,NA,NA,NA,NA,NA,NA,NA,NA,NA,NA,NA,NA,NA,NA,NA,NA
"Live To Tell",1986,35,"Madonna",0.143,0.092,0.765,0.9221,1.3,98.21,4.8,336.6,8,23,285,40,"electronic/dance, electronic/dance, pop",NA,NA,NA,NA,NA,NA,NA,NA,NA,NA,NA,NA,NA,NA,NA,NA,NA,NA,NA
"Livin' it Up",2002,76,"Ja Rule",0.103,0.129,0.768,-0.9631,1.3,98.21,4.8,660.6,72,23,564,79,"",NA,NA,NA,NA,NA,NA,NA,NA,NA,NA,NA,NA,NA,NA,NA,NA,NA,NA,NA
"Livin' La Vida Loca",1999,10,"Ricky Martin",0.049,0.082,0.869,-0.936,1.7,91.78,4,492.3,27,52,376,69,"",NA,NA,NA,NA,NA,NA,NA,NA,NA,NA,NA,NA,NA,NA,NA,NA,NA,NA,NA
"Living and Living Well",2002,93,"George Strait",0.184,0.029,0.787,0.9847,1.7,91.78,4,294.3,18,19,225,44,"country",NA,NA,NA,NA,NA,NA,NA,NA,NA,NA,NA,NA,NA,NA,NA,NA,NA,NA,NA
"Living In America",1986,65,"James Brown",0.127,0.034,0.839,0.9829,2.9,83.32,4,428.4,52,22,300,58,"hip-hop/rnb, soul",NA,NA,NA,NA,NA,NA,NA,NA,NA,NA,NA,NA,NA,NA,NA,NA,NA,NA,NA
"Locked Out Of Heaven",2013,11,"Bruno Mars",0.419,0,0.581,0.9993,0.5,100.24,4,357.3,13,50,306,57,"pop",NA,NA,NA,NA,NA,NA,NA,NA,NA,NA,NA,NA,NA,NA,NA,NA,NA,NA,NA
"Looking Through Your Eyes",1998,60,"LeAnn Rimes",0.139,0,0.861,0.9719,0.1,101.26,3.6,213.3,26,9,184,37,"country, pop",NA,NA,NA,NA,NA,NA,NA,NA,NA,NA,NA,NA,NA,NA,NA,NA,NA,NA,NA
"Loungin",1996,21,"LL Cool J",0.12,0.043,0.837,0.9919,0.5,105.66,5.2,620.1,56,20,564,69,"",NA,NA,NA,NA,NA,NA,NA,NA,NA,NA,NA,NA,NA,NA,NA,NA,NA,NA,NA
"Love Don't Cost A Thing",2001,26,"Jennifer Lopez",0.127,0.075,0.798,0.9857,-0.3,107.69,4.4,533.7,26,38,470,69,"electronic/dance, pop",NA,NA,NA,NA,NA,NA,NA,NA,NA,NA,NA,NA,NA,NA,NA,NA,NA,NA,NA
"Love In An Elevator",1989,81,"Aerosmith",0.206,0.018,0.776,0.999,-0.3,107.69,4.4,591.3,36,55,521,80,"rock",NA,NA,NA,NA,NA,NA,NA,NA,NA,NA,NA,NA,NA,NA,NA,NA,NA,NA,NA
"Love In This Club",2008,8,"Usher",0.172,0.028,0.8,0.9981,2.1,96.18,5.6,649.8,49,23,564,60,"",NA,NA,NA,NA,NA,NA,NA,NA,NA,NA,NA,NA,NA,NA,NA,NA,NA,NA,NA
"Love Is A Wonderful Thing",1991,49,"Michael Bolton",0.404,0.006,0.59,0.9993,2.1,90.77,4.4,350.1,17,23,276,46,"pop, rock",NA,NA,NA,NA,NA,NA,NA,NA,NA,NA,NA,NA,NA,NA,NA,NA,NA,NA,NA
"Love Remains The Same",2008,94,"Gavin Rossdale",0.132,0.044,0.825,0.9754,1.7,91.78,4,409.5,19,32,318,59,"",NA,NA,NA,NA,NA,NA,NA,NA,NA,NA,NA,NA,NA,NA,NA,NA,NA,NA,NA
"Love Sneakin' Up On You",1994,94,"Bonnie Raitt",0.203,0.041,0.755,0.9911,1.3,98.21,4.8,240.3,17,15,207,26,"folk, rock",NA,NA,NA,NA,NA,NA,NA,NA,NA,NA,NA,NA,NA,NA,NA,NA,NA,NA,NA
"Love Touch",1986,82,"Rod Stewart",0.297,0.052,0.651,0.9983,0.9,99.23,4.4,349.2,17,16,292,48,"pop, rock",NA,NA,NA,NA,NA,NA,NA,NA,NA,NA,NA,NA,NA,NA,NA,NA,NA,NA,NA
"Love Will Never Do",1991,19,"Janet Jackson",0.145,0.055,0.8,0.9948,0.9,99.23,4.4,536.4,22,28,436,68,"electronic/dance, pop",NA,NA,NA,NA,NA,NA,NA,NA,NA,NA,NA,NA,NA,NA,NA,NA,NA,NA,NA
"Lovegame",2009,35,"Lady Gaga",0.397,0.051,0.552,0.9997,0.9,99.23,4.4,634.5,16,72,524,75,"electronic/dance, pop",NA,NA,NA,NA,NA,NA,NA,NA,NA,NA,NA,NA,NA,NA,NA,NA,NA,NA,NA
"Lovestoned",2007,96,"Justin Timberlake",0.16,0.102,0.737,0.9942,0.9,99.23,4.4,608.4,25,47,515,74,"disco, pop",NA,NA,NA,NA,NA,NA,NA,NA,NA,NA,NA,NA,NA,NA,NA,NA,NA,NA,NA
"Meet Me Half Way",1987,96,"Kenny Loggins",0.098,0.019,0.883,0.8834,2.9,83.32,4,173.7,15,14,125,25,"pop, rock",NA,NA,NA,NA,NA,NA,NA,NA,NA,NA,NA,NA,NA,NA,NA,NA,NA,NA,NA
"Method Of Modern Love",1985,83,"Daryl Hall and John Oates",0.202,0.034,0.764,0.9965,4.1,74.86,4,473.4,24,43,323,54,"",NA,NA,NA,NA,NA,NA,NA,NA,NA,NA,NA,NA,NA,NA,NA,NA,NA,NA,NA
"Missing You Now",1992,77,"Michael Bolton",0.063,0.201,0.736,-0.9911,1.3,98.21,4.8,356.4,22,16,305,42,"pop, rock",NA,NA,NA,NA,NA,NA,NA,NA,NA,NA,NA,NA,NA,NA,NA,NA,NA,NA,NA
"Mo Money Mo Problems",1997,20,"Notorious B.I.G.",0.162,0.103,0.735,0.988,0.1,106.67,4.8,835.2,64,54,736,101,"",NA,NA,NA,NA,NA,NA,NA,NA,NA,NA,NA,NA,NA,NA,NA,NA,NA,NA,NA
"More And More",1993,79,"Captain Hollywood Project",0.088,0.116,0.796,-0.892,0.5,100.24,4,406.8,29,33,333,58,"electronic/dance",NA,NA,NA,NA,NA,NA,NA,NA,NA,NA,NA,NA,NA,NA,NA,NA,NA,NA,NA
"More than a Woman",2002,58,"Aaliyah",0.216,0.045,0.74,0.9975,1.7,91.78,4,472.5,26,59,366,65,"pop",NA,NA,NA,NA,NA,NA,NA,NA,NA,NA,NA,NA,NA,NA,NA,NA,NA,NA,NA
"My Heart Can't Tell You No",1989,50,"Rod Stewart",0.156,0.222,0.622,-0.9624,0.9,99.23,4.4,393.3,17,20,332,48,"pop, rock",NA,NA,NA,NA,NA,NA,NA,NA,NA,NA,NA,NA,NA,NA,NA,NA,NA,NA,NA
"My List",2002,94,"Toby Keith",0.092,0.043,0.865,0.9326,0.1,106.67,4.8,358.2,11,13,317,41,"country, pop, rock",NA,NA,NA,NA,NA,NA,NA,NA,NA,NA,NA,NA,NA,NA,NA,NA,NA,NA,NA
"My Love Is The Shhh!",1997,51,"Somethin' For The People",0.328,0.059,0.613,0.9993,0.5,100.24,4,481.5,32,45,400,69,"",NA,NA,NA,NA,NA,NA,NA,NA,NA,NA,NA,NA,NA,NA,NA,NA,NA,NA,NA
"My Love Is The Shhh!",1998,54,"Somethin' For The People",0.328,0.059,0.613,0.9993,0.5,100.24,4,481.5,32,45,400,69,"",NA,NA,NA,NA,NA,NA,NA,NA,NA,NA,NA,NA,NA,NA,NA,NA,NA,NA,NA
"My Lovin'",1992,7,"En Vogue",0.102,0.093,0.805,0.9292,2.1,90.77,4.4,825.3,18,97,644,96,"",NA,NA,NA,NA,NA,NA,NA,NA,NA,NA,NA,NA,NA,NA,NA,NA,NA,NA,NA
"Never Leave You - Uh Ooh, Uh Oooh!",2003,41,"Lumidee",0.254,0.043,0.703,0.9945,-0.3,107.69,4.4,280.8,8,23,252,41,"hip-hop/rnb, hip-hop/rnb",NA,NA,NA,NA,NA,NA,NA,NA,NA,NA,NA,NA,NA,NA,NA,NA,NA,NA,NA
"No Hands",2011,45,"Waka Flocka Flame",0.077,0.115,0.808,-0.9754,-0.7,108.7,4,825.3,64,50,718,141,"",NA,NA,NA,NA,NA,NA,NA,NA,NA,NA,NA,NA,NA,NA,NA,NA,NA,NA,NA
"No Surprise",2009,63,"Daughtry",0.183,0.094,0.723,0.9869,1.7,97.2,5.2,436.5,22,19,367,42,"",NA,NA,NA,NA,NA,NA,NA,NA,NA,NA,NA,NA,NA,NA,NA,NA,NA,NA,NA
"Nobody Wants To Be Lonely",2001,55,"Ricky Martin",0.127,0.173,0.7,-0.8778,0.9,99.23,4.4,531.9,29,41,436,66,"",NA,NA,NA,NA,NA,NA,NA,NA,NA,NA,NA,NA,NA,NA,NA,NA,NA,NA,NA
"Not A Bad Thing",2014,45,"Justin Timberlake",0.136,0.141,0.724,0.4538,0.9,104.64,5.6,977.4,19,48,898,91,"disco, pop",NA,NA,NA,NA,NA,NA,NA,NA,NA,NA,NA,NA,NA,NA,NA,NA,NA,NA,NA
"Number One Spot",2005,99,"Ludacris",0.136,0.049,0.815,0.9913,1.3,98.21,4.8,783,92,17,632,81,"hip-hop/rnb",NA,NA,NA,NA,NA,NA,NA,NA,NA,NA,NA,NA,NA,NA,NA,NA,NA,NA,NA
"O.P.P.",1991,94,"Naughty By Nature",0.084,0.055,0.861,0.9541,0.9,104.64,5.6,894.6,84,14,795,81,"",NA,NA,NA,NA,NA,NA,NA,NA,NA,NA,NA,NA,NA,NA,NA,NA,NA,NA,NA
"Oh",2005,21,"Ciara",0.053,0.065,0.882,0.0258,1.3,98.21,4.8,577.8,66,26,479,61,"electronic/dance, pop",NA,NA,NA,NA,NA,NA,NA,NA,NA,NA,NA,NA,NA,NA,NA,NA,NA,NA,NA
"On The Hotline",2007,82,"Pretty Ricky",0.138,0.016,0.846,0.9965,2.9,94.15,6.4,630.9,54,23,528,45,"",NA,NA,NA,NA,NA,NA,NA,NA,NA,NA,NA,NA,NA,NA,NA,NA,NA,NA,NA
"One Night In Bangkok",1985,54,"Murray Head",0.102,0.126,0.772,-0.8428,2.5,89.75,4.8,541.8,63,31,410,52,"rock",NA,NA,NA,NA,NA,NA,NA,NA,NA,NA,NA,NA,NA,NA,NA,NA,NA,NA,NA
"One Step at A Time",2008,61,"Jordin Sparks",0.118,0.116,0.766,0.7228,0.9,99.23,4.4,469.8,25,41,376,61,"pop",NA,NA,NA,NA,NA,NA,NA,NA,NA,NA,NA,NA,NA,NA,NA,NA,NA,NA,NA
"Only Girl",2010,47,"Rihanna",0.197,0.02,0.783,0.9967,0.9,99.23,4.4,479.7,15,38,398,58,"electronic/dance, pop, reggae, hip-hop/rnb",NA,NA,NA,NA,NA,NA,NA,NA,NA,NA,NA,NA,NA,NA,NA,NA,NA,NA,NA
"Only Girl",2011,40,"Rihanna",0.197,0.02,0.783,0.9967,0.9,99.23,4.4,479.7,15,38,398,58,"electronic/dance, pop, reggae, hip-hop/rnb",NA,NA,NA,NA,NA,NA,NA,NA,NA,NA,NA,NA,NA,NA,NA,NA,NA,NA,NA
"Only Wanna Be With You",1995,33,"Hootie and The Blowfish",0.128,0.119,0.753,0.1733,0.5,100.24,4,342.9,18,24,295,53,"",NA,NA,NA,NA,NA,NA,NA,NA,NA,NA,NA,NA,NA,NA,NA,NA,NA,NA,NA
"Only Wanna Be With You",1996,99,"Hootie and The Blowfish",0.128,0.119,0.753,0.1733,0.5,100.24,4,342.9,18,24,295,53,"",NA,NA,NA,NA,NA,NA,NA,NA,NA,NA,NA,NA,NA,NA,NA,NA,NA,NA,NA
"Ooh Aah... Just A Little Bit",1997,41,"Gina G",0.143,0.055,0.802,0.956,0.9,99.23,4.4,251.1,15,13,217,33,"",NA,NA,NA,NA,NA,NA,NA,NA,NA,NA,NA,NA,NA,NA,NA,NA,NA,NA,NA
"Oops!... I Did It Again",2000,55,"Britney Spears",0.122,0.108,0.77,0.8654,0.9,99.23,4.4,381.6,26,28,320,49,"electronic/dance, pop",NA,NA,NA,NA,NA,NA,NA,NA,NA,NA,NA,NA,NA,NA,NA,NA,NA,NA,NA
"Outta My System",2007,88,"Bow Wow",0.072,0.124,0.804,-0.9911,0.9,104.64,5.6,861.3,45,31,768,78,"",NA,NA,NA,NA,NA,NA,NA,NA,NA,NA,NA,NA,NA,NA,NA,NA,NA,NA,NA
"Peaches and Cream",2001,20,"112",0.095,0.04,0.865,0.984,0.9,99.23,4.4,633.6,30,52,549,87,"",NA,NA,NA,NA,NA,NA,NA,NA,NA,NA,NA,NA,NA,NA,NA,NA,NA,NA,NA
"Piece Of Me",2008,83,"Britney Spears",0.165,0.047,0.788,0.9861,-0.3,107.69,4.4,523.8,31,45,460,67,"electronic/dance, pop",NA,NA,NA,NA,NA,NA,NA,NA,NA,NA,NA,NA,NA,NA,NA,NA,NA,NA,NA
"Pieces of Me",2004,39,"Ashlee Simpson",0.186,0.059,0.755,0.992,0.9,99.23,4.4,367.2,19,22,313,46,"",NA,NA,NA,NA,NA,NA,NA,NA,NA,NA,NA,NA,NA,NA,NA,NA,NA,NA,NA
"Pimpin' All Over the World",2005,53,"Ludacris",0.097,0.022,0.881,0.9963,2.5,95.17,6,1157.4,112,30,942,92,"hip-hop/rnb",NA,NA,NA,NA,NA,NA,NA,NA,NA,NA,NA,NA,NA,NA,NA,NA,NA,NA,NA
"Pop Champagne",2009,98,"Jim Jones",0.066,0.057,0.877,-0.7995,0.9,104.64,5.6,780.3,55,30,686,73,"",NA,NA,NA,NA,NA,NA,NA,NA,NA,NA,NA,NA,NA,NA,NA,NA,NA,NA,NA
"Post To Be",2015,24,"Omarion",0.122,0.081,0.797,0.9635,0.1,106.67,4.8,673.2,23,40,611,78,"",NA,NA,NA,NA,NA,NA,NA,NA,NA,NA,NA,NA,NA,NA,NA,NA,NA,NA,NA
"Power Trip",2013,48,"J. Cole",0.16,0.091,0.749,0.9927,2.1,96.18,5.6,714.6,49,26,616,66,"hip-hop/rnb",NA,NA,NA,NA,NA,NA,NA,NA,NA,NA,NA,NA,NA,NA,NA,NA,NA,NA,NA
"Praying For Time",1990,51,"George Michael",0.161,0.099,0.74,0.9739,0.9,99.23,4.4,366.3,19,17,312,50,"pop, rock",NA,NA,NA,NA,NA,NA,NA,NA,NA,NA,NA,NA,NA,NA,NA,NA,NA,NA,NA
"Pretty Wings",2009,99,"Maxwell",0.32,0.088,0.592,0.9971,0.5,100.24,4,287.1,23,17,234,40,"",NA,NA,NA,NA,NA,NA,NA,NA,NA,NA,NA,NA,NA,NA,NA,NA,NA,NA,NA
"Price Of Love",1990,68,"Bad English",0.204,0.079,0.718,0.991,0.9,99.23,4.4,330.3,16,21,277,45,"",NA,NA,NA,NA,NA,NA,NA,NA,NA,NA,NA,NA,NA,NA,NA,NA,NA,NA,NA
"Private Dancer",1985,93,"Tina Turner",0.055,0,0.945,0.9226,3.3,93.14,6.8,484.2,20,16,394,31,"pop, hip-hop/rnb, rock, soul",NA,NA,NA,NA,NA,NA,NA,NA,NA,NA,NA,NA,NA,NA,NA,NA,NA,NA,NA
"Put that Woman First",2003,82,"Jaheim",0.128,0.069,0.803,0.9888,1.7,97.2,5.2,692.1,45,24,580,70,"",NA,NA,NA,NA,NA,NA,NA,NA,NA,NA,NA,NA,NA,NA,NA,NA,NA,NA,NA
"Quit Playing Games",1998,62,"Backstreet Boys",0.117,0.053,0.83,0.9291,-0.7,108.7,4,280.8,17,44,250,48,"pop",NA,NA,NA,NA,NA,NA,NA,NA,NA,NA,NA,NA,NA,NA,NA,NA,NA,NA,NA
"Quit Playing Games",1997,11,"Backstreet Boys",0.117,0.053,0.83,0.9291,-0.7,108.7,4,280.8,17,44,250,48,"pop",NA,NA,NA,NA,NA,NA,NA,NA,NA,NA,NA,NA,NA,NA,NA,NA,NA,NA,NA
"Ray Of Light",1998,75,"Madonna",0.074,0.07,0.856,0.1868,0.9,99.23,4.4,271.8,16,28,225,37,"electronic/dance, electronic/dance, pop",NA,NA,NA,NA,NA,NA,NA,NA,NA,NA,NA,NA,NA,NA,NA,NA,NA,NA,NA
"Read your Mind",2004,64,"Avant",0.117,0.017,0.866,0.9796,-0.3,107.69,4.4,320.4,31,14,291,43,"",NA,NA,NA,NA,NA,NA,NA,NA,NA,NA,NA,NA,NA,NA,NA,NA,NA,NA,NA
"Real Good Man",2003,99,"Tim McGraw",0.182,0.08,0.737,0.9406,-0.3,107.69,4.4,216,15,8,203,32,"country",NA,NA,NA,NA,NA,NA,NA,NA,NA,NA,NA,NA,NA,NA,NA,NA,NA,NA,NA
"Rebirth Of Slick",1993,81,"Digable Planets",0.256,0.042,0.701,0.9991,1.3,98.21,4.8,700.2,67,16,593,79,"jazz, religious",NA,NA,NA,NA,NA,NA,NA,NA,NA,NA,NA,NA,NA,NA,NA,NA,NA,NA,NA
"Rhythm Of My Heart",1991,50,"Rod Stewart",0.133,0.081,0.786,0.9738,0.5,100.24,4,417.6,32,38,340,65,"pop, rock",NA,NA,NA,NA,NA,NA,NA,NA,NA,NA,NA,NA,NA,NA,NA,NA,NA,NA,NA
"Rockin' That Thang",2009,80,"The-Dream",0.097,0.021,0.882,0.982,0.9,99.23,4.4,459,31,33,397,62,"",NA,NA,NA,NA,NA,NA,NA,NA,NA,NA,NA,NA,NA,NA,NA,NA,NA,NA,NA
"Roll Out",2002,77,"Ludacris",0.038,0.091,0.87,-0.9805,2.1,96.18,5.6,530.1,56,16,459,49,"hip-hop/rnb",NA,NA,NA,NA,NA,NA,NA,NA,NA,NA,NA,NA,NA,NA,NA,NA,NA,NA,NA
"Same Love",2013,43,"Macklemore",0.231,0.124,0.645,0.9981,2.1,90.77,4.4,864.9,85,49,672,103,"",NA,NA,NA,NA,NA,NA,NA,NA,NA,NA,NA,NA,NA,NA,NA,NA,NA,NA,NA
"Say Aah",2010,31,"Trey Songz",0.1,0.014,0.886,0.987,0.1,106.67,4.8,740.7,57,45,657,85,"",NA,NA,NA,NA,NA,NA,NA,NA,NA,NA,NA,NA,NA,NA,NA,NA,NA,NA,NA
"Say Hey",2009,97,"Michael Franti and Spearhead",0.266,0.018,0.716,0.9994,1.7,97.2,5.2,650.7,24,43,550,65,"",NA,NA,NA,NA,NA,NA,NA,NA,NA,NA,NA,NA,NA,NA,NA,NA,NA,NA,NA
"Sexy Chick",2010,26,"David Guetta",0.278,0.077,0.645,0.9972,1.7,97.2,5.2,396,14,32,333,38,"electronic/dance, electronic/dance",NA,NA,NA,NA,NA,NA,NA,NA,NA,NA,NA,NA,NA,NA,NA,NA,NA,NA,NA
"Shadow Of The Day",2008,55,"Linkin Park",0.118,0,0.882,0.9153,0.9,99.23,4.4,176.4,9,17,153,24,"rock",NA,NA,NA,NA,NA,NA,NA,NA,NA,NA,NA,NA,NA,NA,NA,NA,NA,NA,NA
"Shakedown",1987,9,"Bob Seger",0.079,0.121,0.8,-0.9167,4.1,74.86,4,428.4,31,39,278,47,"",NA,NA,NA,NA,NA,NA,NA,NA,NA,NA,NA,NA,NA,NA,NA,NA,NA,NA,NA
"Shawty",2007,60,"Plies",0.046,0.06,0.894,-0.8745,0.9,104.64,5.6,721.8,51,28,643,69,"",NA,NA,NA,NA,NA,NA,NA,NA,NA,NA,NA,NA,NA,NA,NA,NA,NA,NA,NA
"She Will be Loved",2004,35,"Maroon 5",0.2,0.067,0.733,0.9944,0.9,99.23,4.4,403.2,27,33,333,49,"electronic/dance, pop, rock",NA,NA,NA,NA,NA,NA,NA,NA,NA,NA,NA,NA,NA,NA,NA,NA,NA,NA,NA
"Shortie Like Mine",2007,54,"Bow Wow",0.162,0.099,0.739,0.9966,1.3,98.21,4.8,1016.1,47,55,847,113,"",NA,NA,NA,NA,NA,NA,NA,NA,NA,NA,NA,NA,NA,NA,NA,NA,NA,NA,NA
"Show Me The Meaning Of Being Lonely",2000,31,"Backstreet Boys",0.072,0.123,0.805,-0.9129,1.3,98.21,4.8,363.6,19,17,298,40,"pop",NA,NA,NA,NA,NA,NA,NA,NA,NA,NA,NA,NA,NA,NA,NA,NA,NA,NA,NA
"Silent Lucidity",1991,82,"Queensryche",0.139,0.055,0.806,0.9622,0.9,99.23,4.4,359.1,36,10,296,46,"",NA,NA,NA,NA,NA,NA,NA,NA,NA,NA,NA,NA,NA,NA,NA,NA,NA,NA,NA
"Soak up the Sun",2002,35,"Sheryl Crow",0.049,0.123,0.828,-0.9665,0.5,100.24,4,396,20,34,323,58,"country, folk, pop, rock",NA,NA,NA,NA,NA,NA,NA,NA,NA,NA,NA,NA,NA,NA,NA,NA,NA,NA,NA
"Soldier Of Love",1989,57,"Donny Osmond",0.188,0.125,0.687,0.9831,0.5,100.24,4,412.2,18,42,340,65,"",NA,NA,NA,NA,NA,NA,NA,NA,NA,NA,NA,NA,NA,NA,NA,NA,NA,NA,NA
"Somethin' Bad",2014,99,"Miranda Lambert",0.151,0.165,0.684,-0.9502,4.8,78.25,6,459.9,28,42,332,31,"country",NA,NA,NA,NA,NA,NA,NA,NA,NA,NA,NA,NA,NA,NA,NA,NA,NA,NA,NA
"Something Happened On The Way To Heaven",1990,58,"Phil Collins",0.137,0.109,0.754,0.9557,0.1,106.67,4.8,440.1,12,30,385,52,"jazz, pop, rock",NA,NA,NA,NA,NA,NA,NA,NA,NA,NA,NA,NA,NA,NA,NA,NA,NA,NA,NA
"Something To Believe In",1991,78,"Poison",0.095,0.118,0.787,-0.8547,2.1,90.77,4.4,546.3,38,20,431,65,"rock",NA,NA,NA,NA,NA,NA,NA,NA,NA,NA,NA,NA,NA,NA,NA,NA,NA,NA,NA
"Soon As I Get Home",1996,97,"Faith Evans",0.172,0.072,0.756,0.9914,0.5,105.66,5.2,369,19,12,322,39,"",NA,NA,NA,NA,NA,NA,NA,NA,NA,NA,NA,NA,NA,NA,NA,NA,NA,NA,NA
"Southern Hospitality",2001,77,"Ludacris",0.113,0.146,0.741,-0.9373,0.1,106.67,4.8,526.5,45,6,461,60,"hip-hop/rnb",NA,NA,NA,NA,NA,NA,NA,NA,NA,NA,NA,NA,NA,NA,NA,NA,NA,NA,NA
"Speed Of Sound",2005,57,"Coldplay",0.013,0.017,0.97,-0.2869,-0.3,107.69,4.4,360,20,16,314,45,"pop, rock",NA,NA,NA,NA,NA,NA,NA,NA,NA,NA,NA,NA,NA,NA,NA,NA,NA,NA,NA
"Spies Like Us",1986,92,"Paul McCartney",0.133,0.06,0.807,0.9545,0.5,100.24,4,276.3,9,21,236,41,"classical/soundtrack, folk, pop, rock",NA,NA,NA,NA,NA,NA,NA,NA,NA,NA,NA,NA,NA,NA,NA,NA,NA,NA,NA
"Step In The Name Of Love",2003,94,"R. Kelly",0.099,0.002,0.899,0.9975,1.3,98.21,4.8,938.7,44,39,751,106,"hip-hop/rnb, pop, hip-hop/rnb, soul",NA,NA,NA,NA,NA,NA,NA,NA,NA,NA,NA,NA,NA,NA,NA,NA,NA,NA,NA
"Step In The Name Of Love",2004,78,"R. Kelly",0.099,0.002,0.899,0.9975,1.3,98.21,4.8,938.7,44,39,751,106,"hip-hop/rnb, pop, hip-hop/rnb, soul",NA,NA,NA,NA,NA,NA,NA,NA,NA,NA,NA,NA,NA,NA,NA,NA,NA,NA,NA
"Stereo Hearts",2012,61,"Gym Class Heroes",0.099,0.032,0.869,0.9836,1.7,97.2,5.2,662.4,37,40,553,68,"",NA,NA,NA,NA,NA,NA,NA,NA,NA,NA,NA,NA,NA,NA,NA,NA,NA,NA,NA
"Stereo Hearts",2011,36,"Gym Class Heroes",0.099,0.032,0.869,0.9836,1.7,97.2,5.2,662.4,37,40,553,68,"",NA,NA,NA,NA,NA,NA,NA,NA,NA,NA,NA,NA,NA,NA,NA,NA,NA,NA,NA
"Sugar, We're Goin' Down",2005,40,"Fall Out Boy",0.086,0.065,0.849,0.6303,2.1,96.18,5.6,501.3,20,32,434,48,"rock",NA,NA,NA,NA,NA,NA,NA,NA,NA,NA,NA,NA,NA,NA,NA,NA,NA,NA,NA
"Sussudio",1985,45,"Phil Collins",0.073,0.03,0.897,0.8589,0.9,99.23,4.4,270.9,16,16,218,33,"jazz, pop, rock",NA,NA,NA,NA,NA,NA,NA,NA,NA,NA,NA,NA,NA,NA,NA,NA,NA,NA,NA
"Swear It Again",2000,75,"Westlife",0.17,0.139,0.692,0.9743,1.3,98.21,4.8,486,12,27,405,55,"pop",NA,NA,NA,NA,NA,NA,NA,NA,NA,NA,NA,NA,NA,NA,NA,NA,NA,NA,NA
"Sweet Nothing",2013,44,"Calvin Harris",0.28,0.063,0.657,0.9951,1.3,98.21,4.8,277.2,13,14,225,29,"electronic/dance, disco, electronic/dance",NA,NA,NA,NA,NA,NA,NA,NA,NA,NA,NA,NA,NA,NA,NA,NA,NA,NA,NA
"Sweetest Girl",2008,56,"Wyclef Jean",0.087,0.066,0.847,0.9511,1.7,97.2,5.2,889.2,63,43,723,88,"hip-hop/rnb",NA,NA,NA,NA,NA,NA,NA,NA,NA,NA,NA,NA,NA,NA,NA,NA,NA,NA,NA
"Swing My Way",1998,52,"K.P. and Envyi",0.216,0.017,0.767,0.9982,1.3,98.21,4.8,535.5,26,37,462,65,"",NA,NA,NA,NA,NA,NA,NA,NA,NA,NA,NA,NA,NA,NA,NA,NA,NA,NA,NA
"Take A Picture",2000,58,"Filter",0.087,0.061,0.853,0.7467,2.9,83.32,4,292.5,14,35,208,40,"rock",NA,NA,NA,NA,NA,NA,NA,NA,NA,NA,NA,NA,NA,NA,NA,NA,NA,NA,NA
"That's That",2007,99,"Snoop Dogg",0.119,0.03,0.851,0.9966,0.1,106.67,4.8,765,52,44,682,86,"hip-hop/rnb, reggae",NA,NA,NA,NA,NA,NA,NA,NA,NA,NA,NA,NA,NA,NA,NA,NA,NA,NA,NA
"The Arms Of The One Who Loves You",1998,53,"Xscape",0.158,0.041,0.801,0.9781,0.9,99.23,4.4,229.5,18,8,195,30,"",NA,NA,NA,NA,NA,NA,NA,NA,NA,NA,NA,NA,NA,NA,NA,NA,NA,NA,NA
"The Motown Song",1991,99,"Rod Stewart",0.131,0.042,0.827,0.974,1.7,97.2,5.2,375.3,30,24,308,38,"pop, rock",NA,NA,NA,NA,NA,NA,NA,NA,NA,NA,NA,NA,NA,NA,NA,NA,NA,NA,NA
"The Next Time I Fall",1987,28,"Peter Cetera",0.306,0.018,0.676,0.9982,-0.7,108.7,4,291.6,13,29,256,44,"",NA,NA,NA,NA,NA,NA,NA,NA,NA,NA,NA,NA,NA,NA,NA,NA,NA,NA,NA
"The One I Gave My Heart To",1997,78,"Aaliyah",0.141,0.049,0.81,0.9855,0.9,104.64,5.6,441.9,18,9,399,41,"pop",NA,NA,NA,NA,NA,NA,NA,NA,NA,NA,NA,NA,NA,NA,NA,NA,NA,NA,NA
"The One I Gave My Heart To",1998,86,"Aaliyah",0.141,0.049,0.81,0.9855,0.9,104.64,5.6,441.9,18,9,399,41,"pop",NA,NA,NA,NA,NA,NA,NA,NA,NA,NA,NA,NA,NA,NA,NA,NA,NA,NA,NA
"The Remedy",2003,52,"Jason Mraz",0.131,0.104,0.765,0.7529,1.3,98.21,4.8,523.8,28,30,428,56,"pop, rock",NA,NA,NA,NA,NA,NA,NA,NA,NA,NA,NA,NA,NA,NA,NA,NA,NA,NA,NA
"The River Of Dreams",1993,26,"Billy Joel",0.059,0.069,0.872,-0.1904,0.9,99.23,4.4,359.1,22,20,299,47,"classical/soundtrack, pop, rock",NA,NA,NA,NA,NA,NA,NA,NA,NA,NA,NA,NA,NA,NA,NA,NA,NA,NA,NA
"The Time Of My Life",2008,69,"David Cook",0.045,0.009,0.946,0.8555,1.3,98.21,4.8,364.5,23,15,303,38,"",NA,NA,NA,NA,NA,NA,NA,NA,NA,NA,NA,NA,NA,NA,NA,NA,NA,NA,NA
"The Whole World",2002,70,"OutKast",0.144,0.094,0.762,0.9914,1.7,97.2,5.2,954,84,36,792,91,"hip-hop/rnb, pop",NA,NA,NA,NA,NA,NA,NA,NA,NA,NA,NA,NA,NA,NA,NA,NA,NA,NA,NA
"There'll Be Sad Songs",1986,16,"Billy Ocean",0.25,0.097,0.652,0.9961,0.9,99.23,4.4,351,19,29,292,46,"disco, pop",NA,NA,NA,NA,NA,NA,NA,NA,NA,NA,NA,NA,NA,NA,NA,NA,NA,NA,NA
"These Words",2005,80,"Natasha Bedingfield",0.363,0.052,0.585,0.9994,0.9,99.23,4.4,476.1,35,33,392,57,"pop, soul",NA,NA,NA,NA,NA,NA,NA,NA,NA,NA,NA,NA,NA,NA,NA,NA,NA,NA,NA
"Thinkin' Bout It",1998,98,"Gerald Levert",0.114,0.132,0.754,-0.8771,0.9,99.23,4.4,353.7,34,8,302,44,"",NA,NA,NA,NA,NA,NA,NA,NA,NA,NA,NA,NA,NA,NA,NA,NA,NA,NA,NA
"This One's For The Children",1990,90,"New Kids On The Block",0.092,0.025,0.884,0.946,0.5,100.24,4,285.3,20,19,229,39,"pop",NA,NA,NA,NA,NA,NA,NA,NA,NA,NA,NA,NA,NA,NA,NA,NA,NA,NA,NA
"This Used To Be My Playground",1992,21,"Madonna",0.079,0.07,0.85,0.0772,6,69.79,6,46.8,9,0,32,3,"electronic/dance, electronic/dance, pop",NA,NA,NA,NA,NA,NA,NA,NA,NA,NA,NA,NA,NA,NA,NA,NA,NA,NA,NA
"Thnks Fr Th Mmrs",2007,37,"Fall Out Boy",0.242,0.072,0.686,0.9975,2.1,90.77,4.4,462.6,23,37,360,60,"rock",NA,NA,NA,NA,NA,NA,NA,NA,NA,NA,NA,NA,NA,NA,NA,NA,NA,NA,NA
"Thoia Thoing",2003,61,"R. Kelly",0.054,0.027,0.919,0.9677,-1.8,117.16,4,727.2,44,78,700,120,"hip-hop/rnb, pop, hip-hop/rnb, soul",NA,NA,NA,NA,NA,NA,NA,NA,NA,NA,NA,NA,NA,NA,NA,NA,NA,NA,NA
"Through the Wire",2004,61,"Kanye West",0.135,0.124,0.741,0.8522,2.9,94.15,6.4,953.1,73,10,803,67,"hip-hop/rnb, religious",NA,NA,NA,NA,NA,NA,NA,NA,NA,NA,NA,NA,NA,NA,NA,NA,NA,NA,NA
"Thugz Mansion",2003,80,"2Pac",0.165,0.133,0.702,0.9889,2.1,96.18,5.6,767.7,95,10,621,67,"",NA,NA,NA,NA,NA,NA,NA,NA,NA,NA,NA,NA,NA,NA,NA,NA,NA,NA,NA
"Tie Me Down",2010,65,"New Boyz",0.099,0.062,0.839,0.9435,0.1,106.67,4.8,620.1,37,41,583,78,"",NA,NA,NA,NA,NA,NA,NA,NA,NA,NA,NA,NA,NA,NA,NA,NA,NA,NA,NA
"Till The World Ends",2011,27,"Britney Spears",0.03,0.023,0.947,0.3716,-1.1,115.13,4.8,495.9,18,52,485,67,"electronic/dance, pop",NA,NA,NA,NA,NA,NA,NA,NA,NA,NA,NA,NA,NA,NA,NA,NA,NA,NA,NA
"Time Of Our Lives",2015,39,"Pitbull",0.122,0.125,0.753,-0.7304,1.7,97.2,5.2,746.1,35,43,638,76,"",NA,NA,NA,NA,NA,NA,NA,NA,NA,NA,NA,NA,NA,NA,NA,NA,NA,NA,NA
"Time, Love And Tenderness",1991,62,"Michael Bolton",0.37,0.11,0.52,0.9996,1.7,91.78,4,681.3,18,78,519,92,"pop, rock",NA,NA,NA,NA,NA,NA,NA,NA,NA,NA,NA,NA,NA,NA,NA,NA,NA,NA,NA
"Tonite's Tha Night",1996,64,"Kris Kross",0.089,0.086,0.825,0.7166,1.7,97.2,5.2,439.2,47,17,369,43,"",NA,NA,NA,NA,NA,NA,NA,NA,NA,NA,NA,NA,NA,NA,NA,NA,NA,NA,NA
"Too Funky",1992,58,"George Michael",0.228,0.026,0.746,0.9976,2.1,90.77,4.4,468,25,26,364,53,"pop, rock",NA,NA,NA,NA,NA,NA,NA,NA,NA,NA,NA,NA,NA,NA,NA,NA,NA,NA,NA
"Turn Down For What",2014,15,"DJ Snake",0,0.139,0.861,-0.9385,-1,109.72,3.6,113.4,1,28,108,27,"",NA,NA,NA,NA,NA,NA,NA,NA,NA,NA,NA,NA,NA,NA,NA,NA,NA,NA,NA
"Turn Off the Light",2002,92,"Nelly Furtado",0.099,0.036,0.864,0.9868,0.5,105.66,5.2,590.4,22,27,543,62,"folk, pop, rock",NA,NA,NA,NA,NA,NA,NA,NA,NA,NA,NA,NA,NA,NA,NA,NA,NA,NA,NA
"Turn The Beat Around",1995,87,"Gloria Estefan",0.241,0.019,0.74,0.9982,0.9,99.23,4.4,385.2,16,38,328,50,"electronic/dance, pop, rock",NA,NA,NA,NA,NA,NA,NA,NA,NA,NA,NA,NA,NA,NA,NA,NA,NA,NA,NA
"Two Is Better Than One",2010,72,"Boys Like Girls",0.117,0.011,0.872,0.9835,2.5,89.75,4.8,357.3,14,11,280,36,"",NA,NA,NA,NA,NA,NA,NA,NA,NA,NA,NA,NA,NA,NA,NA,NA,NA,NA,NA
"Two Of Hearts",1986,51,"Stacey Q",0.099,0.048,0.853,0.9577,0.5,105.66,5.2,398.7,19,33,347,40,"",NA,NA,NA,NA,NA,NA,NA,NA,NA,NA,NA,NA,NA,NA,NA,NA,NA,NA,NA
"U and Dat",2006,52,"E-40",0.078,0.091,0.831,-0.7731,2.1,96.18,5.6,778.5,74,35,675,72,"",NA,NA,NA,NA,NA,NA,NA,NA,NA,NA,NA,NA,NA,NA,NA,NA,NA,NA,NA
"U Don't have to Call",2002,16,"Usher",0.229,0.042,0.729,0.9919,0.5,100.24,4,252.9,29,22,210,40,"",NA,NA,NA,NA,NA,NA,NA,NA,NA,NA,NA,NA,NA,NA,NA,NA,NA,NA,NA
"U Got it Bad",2002,9,"Usher",0.075,0.201,0.723,-0.9961,0.1,106.67,4.8,536.4,27,36,468,63,"",NA,NA,NA,NA,NA,NA,NA,NA,NA,NA,NA,NA,NA,NA,NA,NA,NA,NA,NA
"Under The Bridge",1992,8,"Red Hot Chili Peppers",0.246,0.122,0.632,0.9927,1.7,97.2,5.2,341.1,21,17,274,34,"alternative/indie, rock",NA,NA,NA,NA,NA,NA,NA,NA,NA,NA,NA,NA,NA,NA,NA,NA,NA,NA,NA
"Underneath it All",2002,71,"No Doubt",0.292,0.055,0.653,0.9984,2.5,84.34,3.6,460.8,36,40,326,72,"rock",NA,NA,NA,NA,NA,NA,NA,NA,NA,NA,NA,NA,NA,NA,NA,NA,NA,NA,NA
"Waiting For Tonight",2000,99,"Jennifer Lopez",0.174,0.056,0.77,0.9928,0.9,99.23,4.4,356.4,22,29,290,47,"electronic/dance, pop",NA,NA,NA,NA,NA,NA,NA,NA,NA,NA,NA,NA,NA,NA,NA,NA,NA,NA,NA
"Wake Me Up When September Ends",2005,46,"Green Day",0.106,0.05,0.844,0.8817,2.9,88.74,5.2,241.2,11,18,181,22,"pop, rock",NA,NA,NA,NA,NA,NA,NA,NA,NA,NA,NA,NA,NA,NA,NA,NA,NA,NA,NA
"Walk Like An Egyptian",1987,1,"Bangles",0.097,0.057,0.847,0.8387,2.1,90.77,4.4,288.9,27,13,230,35,"pop, rock",NA,NA,NA,NA,NA,NA,NA,NA,NA,NA,NA,NA,NA,NA,NA,NA,NA,NA,NA
"Wanksta",2003,63,"50 Cent",0.09,0.103,0.807,-0.9076,2.1,96.18,5.6,772.2,64,34,671,71,"hip-hop/rnb",NA,NA,NA,NA,NA,NA,NA,NA,NA,NA,NA,NA,NA,NA,NA,NA,NA,NA,NA
"Want To Want Me",2015,17,"Jason Derulo",0.077,0.02,0.903,0.7414,-1.1,115.13,4.8,399.6,12,34,390,49,"electronic/dance, pop",NA,NA,NA,NA,NA,NA,NA,NA,NA,NA,NA,NA,NA,NA,NA,NA,NA,NA,NA
"We be Burnin'",2006,81,"Sean Paul",0.152,0.01,0.838,0.996,3.3,87.72,5.6,539.1,47,20,417,45,"pop, hip-hop/rnb",NA,NA,NA,NA,NA,NA,NA,NA,NA,NA,NA,NA,NA,NA,NA,NA,NA,NA,NA
"We Didn't Start The Fire",1990,35,"Billy Joel",0.07,0.093,0.837,-0.9433,2.5,84.34,3.6,697.5,134,66,509,106,"classical/soundtrack, pop, rock",NA,NA,NA,NA,NA,NA,NA,NA,NA,NA,NA,NA,NA,NA,NA,NA,NA,NA,NA
"We Thuggin'",2002,83,"Fat Joe",0.138,0.156,0.706,-0.7997,0.1,106.67,4.8,655.2,64,37,578,73,"",NA,NA,NA,NA,NA,NA,NA,NA,NA,NA,NA,NA,NA,NA,NA,NA,NA,NA,NA
"Welcome To The Black Parade",2007,59,"My Chemical Romance",0.05,0.174,0.776,-0.9969,0.9,99.23,4.4,570.6,36,31,482,72,"alternative/indie, rock",NA,NA,NA,NA,NA,NA,NA,NA,NA,NA,NA,NA,NA,NA,NA,NA,NA,NA,NA
"What A Girl Wants",2000,19,"Christina Aguilera",0.235,0.031,0.734,0.9987,0.5,105.66,5.2,574.2,36,27,505,59,"pop, rock",NA,NA,NA,NA,NA,NA,NA,NA,NA,NA,NA,NA,NA,NA,NA,NA,NA,NA,NA
"What Have I Done To Deserve This?",1988,50,"Pet Shop Boys",0.044,0.016,0.94,0.9328,1.7,97.2,5.2,838.8,25,48,677,78,"disco, electronic/dance, pop",NA,NA,NA,NA,NA,NA,NA,NA,NA,NA,NA,NA,NA,NA,NA,NA,NA,NA,NA
"What Hurts the Most",2006,26,"Rascal Flatts",0.052,0.153,0.794,-0.977,-0.3,107.69,4.4,298.8,18,19,265,40,"country",NA,NA,NA,NA,NA,NA,NA,NA,NA,NA,NA,NA,NA,NA,NA,NA,NA,NA,NA
"What Kind Of Man Would I Be?",1990,71,"Chicago",0.083,0.025,0.892,0.9411,0.1,106.67,4.8,364.5,17,18,319,41,"jazz, pop, rock",NA,NA,NA,NA,NA,NA,NA,NA,NA,NA,NA,NA,NA,NA,NA,NA,NA,NA,NA
"What The Hell",2011,62,"Avril Lavigne",0.184,0.188,0.628,-0.8391,-0.3,107.69,4.4,371.7,12,39,327,47,"rock",NA,NA,NA,NA,NA,NA,NA,NA,NA,NA,NA,NA,NA,NA,NA,NA,NA,NA,NA
"What's It Gonna Be?!",1999,27,"Busta Rhymes",0.104,0.053,0.843,0.9904,2.9,88.74,5.2,1171.8,68,47,925,105,"",NA,NA,NA,NA,NA,NA,NA,NA,NA,NA,NA,NA,NA,NA,NA,NA,NA,NA,NA
"What's Luv?",2002,8,"Fat Joe",0.225,0.044,0.731,0.9995,0.9,104.64,5.6,832.5,59,40,726,80,"",NA,NA,NA,NA,NA,NA,NA,NA,NA,NA,NA,NA,NA,NA,NA,NA,NA,NA,NA
"When A Woman's Fed Up",1999,83,"R. Kelly",0.096,0.057,0.847,0.9535,-0.3,107.69,4.4,534.6,25,20,469,69,"hip-hop/rnb, pop, hip-hop/rnb, soul",NA,NA,NA,NA,NA,NA,NA,NA,NA,NA,NA,NA,NA,NA,NA,NA,NA,NA,NA
"When You Love A Woman",1997,57,"Journey",0.266,0.033,0.701,0.9956,0.5,100.24,4,260.1,16,18,211,36,"rock",NA,NA,NA,NA,NA,NA,NA,NA,NA,NA,NA,NA,NA,NA,NA,NA,NA,NA,NA
"Where Have All The Cowboys Gone?",1997,38,"Paula Cole",0.079,0.039,0.882,0.9081,0.5,100.24,4,331.2,23,21,268,48,"",NA,NA,NA,NA,NA,NA,NA,NA,NA,NA,NA,NA,NA,NA,NA,NA,NA,NA,NA
"Where My Girls At?",1999,11,"702",0.066,0.124,0.811,-0.9439,-0.7,108.7,4,286.2,12,30,250,47,"",NA,NA,NA,NA,NA,NA,NA,NA,NA,NA,NA,NA,NA,NA,NA,NA,NA,NA,NA
"White Walls",2014,92,"Macklemore & Ryan Lewis",0.118,0.084,0.798,0.9679,1.7,97.2,5.2,792.9,102,20,636,78,"",NA,NA,NA,NA,NA,NA,NA,NA,NA,NA,NA,NA,NA,NA,NA,NA,NA,NA,NA
"Who Says you can't Go Home",2006,71,"Bon Jovi",0.195,0.007,0.798,0.9973,1.7,97.2,5.2,585.9,22,37,483,55,"rock",NA,NA,NA,NA,NA,NA,NA,NA,NA,NA,NA,NA,NA,NA,NA,NA,NA,NA,NA
"Who's Holding Donna Now",1985,85,"Debarge",0.052,0,0.948,0.9002,0.5,100.24,4,322.2,17,29,263,50,"",NA,NA,NA,NA,NA,NA,NA,NA,NA,NA,NA,NA,NA,NA,NA,NA,NA,NA,NA
"Who's Zoomin' Who",1985,94,"Aretha Franklin",0.061,0.004,0.935,0.9525,0.1,101.26,3.6,480.6,23,45,399,85,"jazz, pop, hip-hop/rnb, rock, soul",NA,NA,NA,NA,NA,NA,NA,NA,NA,NA,NA,NA,NA,NA,NA,NA,NA,NA,NA
"Wiggle",2014,40,"Jason Derulo",0.044,0.078,0.878,-0.9125,0.5,100.24,4,441.9,33,40,356,65,"electronic/dance, pop",NA,NA,NA,NA,NA,NA,NA,NA,NA,NA,NA,NA,NA,NA,NA,NA,NA,NA,NA
"With Every Beat Of My Heart",1990,48,"Taylor Dayne",0.102,0.038,0.86,0.926,0.5,100.24,4,228.6,13,7,189,35,"electronic/dance, pop",NA,NA,NA,NA,NA,NA,NA,NA,NA,NA,NA,NA,NA,NA,NA,NA,NA,NA,NA
"Words Get In The Way",1986,47,"Miami Sound Machine",0.113,0.029,0.858,0.9672,1.3,98.21,4.8,261,12,13,226,32,"pop",NA,NA,NA,NA,NA,NA,NA,NA,NA,NA,NA,NA,NA,NA,NA,NA,NA,NA,NA
"You And Tequila",2011,98,"Kenny Chesney",0.088,0.22,0.692,-0.9856,2.1,90.77,4.4,248.4,16,13,187,29,"country",NA,NA,NA,NA,NA,NA,NA,NA,NA,NA,NA,NA,NA,NA,NA,NA,NA,NA,NA
"You Belong To The City",1985,30,"Glenn Frey",0.023,0.033,0.943,-0.4019,0.9,99.23,4.4,328.5,21,23,276,44,"",NA,NA,NA,NA,NA,NA,NA,NA,NA,NA,NA,NA,NA,NA,NA,NA,NA,NA,NA
"You Make Me Feel...",2011,48,"Cobra Starship",0.053,0.027,0.92,0.8271,-0.3,107.69,4.4,499.5,13,70,474,75,"",NA,NA,NA,NA,NA,NA,NA,NA,NA,NA,NA,NA,NA,NA,NA,NA,NA,NA,NA
"You Mean The World To Me",1994,17,"Toni Braxton",0.156,0.027,0.817,0.9961,1.7,97.2,5.2,618.3,40,12,498,56,"pop",NA,NA,NA,NA,NA,NA,NA,NA,NA,NA,NA,NA,NA,NA,NA,NA,NA,NA,NA
"You Remind Me Of Something",1996,83,"R. Kelly",0.159,0.028,0.813,0.9948,1.7,97.2,5.2,552.6,19,28,454,51,"hip-hop/rnb, pop, hip-hop/rnb, soul",NA,NA,NA,NA,NA,NA,NA,NA,NA,NA,NA,NA,NA,NA,NA,NA,NA,NA,NA
"You Should Be Mine",1997,86,"Brian McKnight",0.216,0.048,0.737,0.9984,0.1,106.67,4.8,584.1,35,11,514,72,"pop, hip-hop/rnb, soul",NA,NA,NA,NA,NA,NA,NA,NA,NA,NA,NA,NA,NA,NA,NA,NA,NA,NA,NA
"You Used To Love Me",1995,79,"Faith Evans",0.228,0.031,0.74,0.9955,2.1,90.77,4.4,315.9,27,10,251,38,"",NA,NA,NA,NA,NA,NA,NA,NA,NA,NA,NA,NA,NA,NA,NA,NA,NA,NA,NA
"You're The Inspiration",1985,37,"Chicago",0.211,0,0.789,0.9966,2.1,90.77,4.4,366.3,10,35,286,43,"jazz, pop, rock",NA,NA,NA,NA,NA,NA,NA,NA,NA,NA,NA,NA,NA,NA,NA,NA,NA,NA,NA
